video_id,title,published_at,views,likes,comments
xTkKB0l71_E,ğŸ”¥ğŸ”¥Vachesindiiii - 100th SPECIALLLLL | Telugu Podcast | Raw Talks With VK | #shorts #telugushorts,2025-07-19T03:23:16Z,52245,4509,47
5sMRNqCIJQE,â€¼ï¸ğŸ¤¯GUEST YEVARUU?? | ğŸ”¥100th SPECIAL ON RAW TALKS,2025-07-19T02:59:16Z,181631,19862,1118
Coeq5swYV2k,ğŸ˜¢100th Special Delete Chesam!! But will bounce back!,2025-07-18T21:30:43Z,312504,15891,376
0PUk0wpQ3MQ,ğŸ”¥ğŸ”¥Repu Ochestunnammmm  | Telugu Podcast | Raw Talks With VK | #shorts #telugushorts,2025-07-17T14:44:39Z,1061151,30896,1282
n0oizOkoPbU,ğŸ”¥ MOST REQUESTEDDDD | Telugu Podcast | Raw Talks With VK | #shorts #telugushorts,2025-07-16T15:01:31Z,1157168,28607,706
FRAjovClAik,Aa peru ala ochindhi anamataaa! ğŸ”¥ğŸ˜‚ | Telugu Podcast | Raw Talks With VK | #shorts #telugushorts,2025-07-16T14:00:20Z,242911,5750,20
pETinEF-n94,ğŸ¤¯ğŸ¤¯THE VISIONNN | Telugu Podcast | Raw Talks With VK | #shorts #telugushorts,2025-07-16T05:42:05Z,109351,3463,14
-nVTHaZLelM,ğŸ˜”ğŸ”¥Trust Is The Most Important Aspect | Telugu Podcast | Raw Talks With VK | #shorts #telugushorts,2025-07-15T13:30:01Z,194964,5883,33
vSrhS2lRiI8,ğŸ™ŒğŸ™Œ He said it so well | Telugu Podcast | Raw Talks With VK | #shorts #telugushorts,2025-07-15T05:20:05Z,329943,10341,77
B2o6IH8MK8M,ğŸ˜œğŸ˜‚Manchi Printing Machine Unte Chaaluuu | Telugu Podcast | Raw Talks With VK | #shorts #telugushorts,2025-07-14T15:07:06Z,222235,6352,64
UQC37Lj9pwI,â€¼ï¸MANAME ENDUKU CREAT CHEYAKUDADHUU ? | Telugu Podcast | Raw Talks With VK | #shorts #telugushorts,2025-07-14T05:00:33Z,198531,6288,34
uv3kENjgI0Y,THE WAY HE SAID ITTT ğŸ”¥ğŸ”¥| Telugu Podcast | Raw Talks With VK | #shorts #telugushorts,2025-07-13T16:31:18Z,318094,7362,44
g2cR_pAw5oo,ğŸ˜‚ğŸ˜‚Ila kuda avthundhaaaa? | Telugu Podcast | Raw Talks With VK | #shorts #telugushorts,2025-07-13T13:30:42Z,325435,7396,12
5DGFwXtmqB0,ğŸ“ŒTech Giant. Simple Man. | Telugu Podcast | Raw Talks With VK | #shorts #telugushorts,2025-07-13T04:50:20Z,431774,10285,21
77b2ZztNcF0,ğŸ”¥ğŸ”¥ğŸ”¥THIS IS ZOHO | Telugu Podcast | Raw Talks With VK | #shorts #telugushorts,2025-07-12T13:00:11Z,453394,10069,20
l8OFyHolNPY,ğŸ˜‚ğŸ˜‚ Meku Idi Telusaaaa?? | Telugu Podcast | Raw Talks With VK | #shorts #telugushorts,2025-07-12T05:42:31Z,1705553,37797,91
eA1rLMiiaxY,ğŸ”¥ğŸ”¥NEW PODCASTT LIVEE NOWWWâ€¼ï¸| Telugu Podcast | Raw Talks With VK | #shorts #telugushorts,2025-07-11T17:59:14Z,532932,13939,58
EqMbiKDMCFw,ğŸ”¥ğŸ”¥99th SPECIAL ON RAW TALKS | Telugu Podcast | Raw Talks With VK | #shorts #telugushorts,2025-07-11T16:14:19Z,303946,7399,24
uKQIRFr0oYg,ğŸ”¥ğŸ”¥99TH SPECIAL ON RAW TALKS | ZOHO STORY | Ft. RAJU VEGESNA | Telugu Podcast | Raw Talks With VK |,2025-07-11T15:26:39Z,608937,14066,723
hwae0Gn0AY0,âš ï¸âš ï¸IT'S A TOXIC CYCLE | Telugu Podcast | Raw Talks With VK | #shorts #telugushorts,2025-07-10T14:01:09Z,122214,1867,10
x-RnVLcLGs4,ğŸ˜”ğŸ™Œ What do you guys feel ? | Telugu Podcast | Raw Talks With VK | #shorts #telugushorts,2025-07-10T05:03:31Z,68688,1536,8
vcbd1HilrtQ,ğŸ™Œ BE WHO YOU ARE â€¼ï¸â€¼ï¸ | Telugu Podcast | Raw Talks With VK | #shorts #telugushorts,2025-07-09T14:01:27Z,95104,2493,5
YS9mU3r0VhE,ğŸ”¥ğŸ”¥HIGH IS NOT ALCOHOL OR DRUGS | Telugu Podcast | Raw Talks With VK | #shorts #telugushorts,2025-07-09T05:00:39Z,83452,1871,5
h91LZRoX7O0,ğŸ¥ºğŸ¥º This was the reality!!! | Telugu Podcast | Raw Talks With VK | #shorts #telugushorts,2025-07-08T13:30:43Z,68260,1787,7
j5w2xNHnRuE,Investors have got it allll wrongâ€¼ï¸â€¼ï¸| Telugu Podcast | Raw Talks With VK | #shorts #telugushorts,2025-07-08T00:40:01Z,50632,1028,2
LxpxoX12-x0,ğŸ”¥SNAPDEAL STORY | Telugu Podcast | Raw Talks With VK | #shorts #telugushorts,2025-07-07T16:36:52Z,178158,3310,7
J1ckb3NQdDY,ğŸ™ŒğŸ»ğŸ™ŒğŸ» She said it so well | Telugu Podcast | Raw Talks With VK | #shorts #telugushorts,2025-07-07T05:54:47Z,128977,3802,16
eMGRPROdcmo,ğŸ”¥ğŸ”¥DONâ€™T MISS THISSS!! | Telugu Podcast | Raw Talks With VK | #shorts #telugushorts,2025-07-06T16:47:45Z,128890,2674,8
yo4FloPm-0U,â—VOICE YOUR OPINIONS ğŸ™Œ| Telugu Podcast | Raw Talks With VK | #shorts #telugushorts,2025-07-06T13:49:52Z,181958,4670,10
niZG3iVMot0,ğŸ”¥ğŸ”¥Myntra Storyy | Telugu Podcast | Raw Talks With VK | #shorts #telugushorts,2025-07-06T04:14:14Z,251448,4236,13
WWvqjLbgd5s,ğŸ”¥PADMANâ€¦! | Telugu Podcast | Raw Talks With VK | #shorts #telugushorts,2025-07-05T15:37:59Z,125141,4152,13
Sue2iKlwHOY,ğŸ”¥Kotha Episode Teaser!!!  | Telugu Podcast | Raw Talks With VK | #shorts #telugushorts,2025-07-04T16:56:22Z,269510,9543,28
QIew2c1paro,ğŸ”¥ğŸ”¥She is Unbelievable â€¼ï¸ | Telugu Podcast | Raw Talks With VK | #shorts #telugushorts,2025-07-04T15:26:04Z,841251,18178,33
U4l2vgUsBOI,ğŸ˜®ğŸ”¥UNBELIEVABLE STORIESSS!! Ft. Vani Kola Garu  | Raw Talks With VK | Telugu Podcast,2025-07-04T14:35:52Z,436308,7023,412
crEUMdzxRMs,â¤ï¸â¤ï¸ I don't mind repeating this advice 100 more timess!!| Raw Talks With VK | #shorts #telugushorts,2025-07-03T13:20:02Z,195949,9499,55
9Hw1JoDoNkA,ğŸ¤¯ğŸ¤”Kasab ni vadhilesaaru âš ï¸ | Telugu Podcast | Raw Talks With VK | #shorts #telugushorts,2025-07-03T05:00:14Z,1196960,29414,293
Qz-DTaf2mGE,ğŸ˜‚ğŸ˜‚ CM Birthday Ad's  | Telugu Podcast | Raw Talks With VK | #shorts #telugushorts,2025-07-02T14:00:53Z,257164,5986,18
Rp0xw7imjIs,ğŸ˜‚ğŸ˜‚Appudu yevvaru good morning messages pettaruuuu!! | Raw Talks With VK | #shorts #telugushorts,2025-07-02T05:00:36Z,223687,5181,45
ZpwFWclD3o8,DO YOU GUYS AGREE??? ğŸ¤”ğŸ”¥ | Telugu Podcast | Raw Talks With VK | #shorts #telugushorts,2025-07-01T14:01:08Z,262183,7441,13
FKF3OhhWRmQ,8-9 crores icchi konukunnaru ğŸ˜±â€¼ï¸| Telugu Podcast | Raw Talks With VK | #shorts #telugushorts,2025-06-30T14:00:58Z,436874,12722,116
WXGFVA77u0E,ğŸ˜”ğŸ˜” What do you guys think about this? | Telugu Podcast | Raw Talks With VK | #shorts #telugushorts,2025-06-30T05:00:38Z,409935,11150,44
ixkCpECdbcM,ğŸ¤” Post-Mortem yenduku cheyaledhuuâ“â“| Telugu Podcast | Raw Talks With VK | #shorts #telugushorts,2025-06-29T13:46:51Z,897550,25866,189
T9TfKnH03jA,THEY TRIED TO KILL DAWOOD ğŸ¤¯âš ï¸ | Telugu Podcast | Raw Talks With VK | #shorts #telugushorts,2025-06-29T05:09:05Z,764005,20483,187
qJNQCiIb0S8,ğŸ˜…ğŸ˜…Ee Case Meeku Mundu Telusa?? | Telugu Podcast | Raw Talks With VK | #shorts #telugushorts,2025-06-28T15:33:29Z,1007997,24711,186
1cnyPIpUNrI,ğŸ¤¯â€¼ï¸ DARK SIDEE | Telugu Podcast | Raw Talks With VK | #shorts #telugushorts,2025-06-28T12:49:50Z,324851,8708,24
l9rYGRez3XU,ğŸ¤¯BOLLYWOOD MAFIA | Telugu Podcast | Raw Talks With VK | #shorts #telugushorts,2025-06-28T03:40:55Z,686616,16604,86
JgYwPIBXz58,ğŸ”¥ğŸ”¥TEASER CHUSI DECIDE AVVANDAMMAAAA!!,2025-06-27T15:40:11Z,2119907,59431,458
5GhXx_a9CBM,ğŸ¤¯ğŸ¤¯ EXPOSEDDD!!! Ft. Suresh Kochattil | Sr. Journalist  Telugu Podcast | Raw Talks With VK,2025-06-27T15:09:06Z,1276015,27566,1864
7UranVP-McE,âš ï¸ğŸ¤” WATER PROBLEM IN CITIES | Telugu Podcast | Raw Talks With VK | #shorts #telugushorts,2025-06-26T13:00:12Z,118600,3738,17
Vv2HbPM9gLI,ğŸ”¥Logiccc | Telugu Podcast | Raw Talks With VK | #shorts #telugushorts,2025-06-26T06:03:39Z,123124,2591,8
7DzJwdGvS_w,ğŸ›‘What do you think? | Telugu Podcast | Raw Talks With VK | #shorts #telugushorts,2025-06-25T13:41:02Z,150199,4238,40
hyOXOKq6MfM,What do you guys thinkk?? ğŸ“Œ| Telugu Podcast | Raw Talks With VK | #shorts #telugushorts,2025-06-25T06:13:26Z,153555,3331,12
3qMhSgQ5h_o,Hyderabad vs. Other Citiesâ€¼ï¸â€¼ï¸ | Telugu Podcast | Raw Talks With VK | #shorts #telugushorts,2025-06-24T13:25:48Z,410652,10860,107
vYff_8ARdb0,Andharu kalisi mungutharuuu ğŸ˜‚ğŸ”¥| Telugu Podcast | Raw Talks With VK | #shorts #telugushorts,2025-06-24T07:10:56Z,115780,2894,4
e03U3u5RBBk,â€¼ï¸Next Jubliee Hills edhiii??? ğŸ¤”ğŸ”¥Telugu Podcast | Raw Talks With VK | #shorts #telugushorts,2025-06-23T13:30:38Z,396501,6137,31
6jpQRCgfCD8,ğŸ¤”ğŸ¤” Mii opinion entii?? | Telugu Podcast | Raw Talks With VK | #shorts #telugushorts,2025-06-23T06:01:28Z,183787,4942,26
yhNRzCykHNk,ğŸ¥¹â¤ï¸People need to know thisss!!! Telugu Podcast | Raw Talks With VK | #shorts #telugushorts,2025-06-22T14:26:23Z,437432,12741,108
89vrNmOaW7Y,ğŸ˜œ Adhannamataa Sangathiii  | Telugu Podcast | Raw Talks With VK | #shorts #telugushorts,2025-06-22T04:56:34Z,193586,4968,9
b_NY3tjd-HQ,64% ANTAAAâ€¼ï¸ | Telugu Podcast | Raw Talks With VK | #shorts #telugushorts,2025-06-21T13:07:46Z,412494,11475,103
Tgq_eFCFLag,WATER TRAINLU PAMINCHAARUâ€¼ï¸âš ï¸ | Telugu Podcast | Raw Talks With VK | #shorts #telugushorts,2025-06-21T03:44:25Z,1634638,46266,385
c6m3UcdzRRM,ğŸ¥¹ğŸ”¥Yegathali chesevaruuu,2025-06-20T17:12:17Z,1908558,48714,606
d-1WqAS1NSA,New TeaserrrğŸ”¥ğŸ”¥| Telugu Podcast | Raw Talks With VK | #shorts #telugushorts,2025-06-20T15:38:03Z,239700,6602,15
-uofkk51rTo,"ğŸ˜œ Kotha Podcast, Go Watchhhhâ€¼ï¸ | Telugu Podcast | Raw Talks With VK | #shorts #telugushorts",2025-06-20T14:24:14Z,120662,2642,10
TLmYbVXX7MU,â€¼ï¸Idi Miss aithe REGRET Avtharu..!! Ft Ajitesh Korupolu - @asblindia| Raw Talks With VK|,2025-06-20T14:01:53Z,575020,8210,624
QcQOq7vqFMk,â€¼ï¸BIGGEST MISTAKE | Telugu Podcast | Raw Talks With VK | #shorts #telugushorts,2025-06-19T15:23:19Z,410020,12440,26
LahFH9JkVBM,ğŸ›‘10-20K kuda raavatledhu endukuâ“| Telugu Podcast | Raw Talks With VK | #shorts #telugushorts,2025-06-19T05:30:07Z,537603,13058,48
JHYwmfZTCtY,ğŸ™Œ Cinema Charitra lo 1st Timeeâ—| Telugu Podcast | Raw Talks With VK | #shorts #telugushorts,2025-06-19T02:01:09Z,2878938,62568,207
_ezzcSUY89w,â€¼ï¸Bhayapade badhalu.. ğŸ’¯ | Telugu Podcast | Raw Talks With VK | #shorts #telugushorts,2025-06-18T17:30:27Z,268059,8519,15
etXwbusMnWg,THAT'S ITğŸ”¥ğŸ”¥ | Telugu Podcast | Raw Talks With VK | #shorts #telugushorts,2025-06-17T05:00:44Z,80209,2450,5
mERDeDe5oQM,ğŸ”¥ğŸ”¥Value BOMBSSS,2025-06-16T13:14:20Z,199670,6416,13
OX0qc0NkqTc,ğŸ˜œKothaga Vaadudam,2025-06-15T16:10:04Z,1703277,30397,93
6N_-buS02xU,ğŸ”¥JAGATH SATHYAMğŸ”¥| Telugu Podcast | Raw Talks With VK | #shorts #telugushorts,2025-06-15T05:25:22Z,172820,5301,10
qsYCdWwAu3Q,ğŸ˜§ğŸ˜§,2025-06-14T16:22:22Z,473633,10251,25
STHc92Jhvsg,ğŸ”¥The Way He Explains!!| Telugu Podcast | Raw Talks With VK | #shorts #telugushorts,2025-06-14T06:34:38Z,190276,8334,40
oCvpMuthydI,ğŸ”¥ğŸ”¥Must Knowwww | Telugu Podcast | Raw Talks With VK | #shorts #telugushorts,2025-06-13T16:48:29Z,395764,12707,34
xQWHep4RXfA,â€¼ï¸ğŸ¤©New Teaser | Telugu Podcast | Raw Talks With VK | #shorts #telugushorts,2025-06-13T14:24:15Z,178878,7427,28
SO25vaOLT2k,âš ï¸â€¼ï¸NO ONE WARNED US! | Ft. Srikanth Varma | Advisor at @ScalerSchoolOfTechnologyâ€‹,2025-06-13T13:39:08Z,591877,14484,692
URs3pLeFrxo,ğŸ”¥ğŸ”¥ THE POWER OF INDIAN INTELLIGENCE | Telugu Podcast | Raw Talks With VK | #shorts #telugushorts,2025-06-12T05:00:29Z,162729,8377,20
1fgmJrwtjUA,âš ï¸ Veellaki Kaavalsindhi WAR â€¼ï¸| Telugu Podcast | Raw Talks With VK | #shorts #telugushorts,2025-06-11T14:00:03Z,397786,16792,42
-Nvz5WdVd5o,BIG PROBLEMâ€¼ï¸ | Telugu Podcast | Raw Talks With VK | #shorts #telugushorts,2025-06-11T05:00:00Z,38598,2745,35
EkJA65-pnbY,ğŸ˜”ğŸ˜­Do you relate to this? | Telugu Podcast | Raw Talks With VK | #shorts #telugushorts,2025-06-10T14:00:17Z,180261,7238,28
cY6YMzk7MBg,âš ï¸THE BODY CAME IN PIECESâ€¼ï¸| Telugu Podcast | Raw Talks With VK | #shorts #telugushorts,2025-06-10T05:00:40Z,447002,19376,73
M7rcWXfWwjM,ğŸ˜³Wildest of your imaginationâ€¼ï¸ | Telugu Podcast | Raw Talks With VK | #shorts #telugushorts,2025-06-09T14:00:35Z,578898,26347,69
SnOjTrV2d_0,Battlefield vadhileesi paaripotharuâ€¼ï¸ğŸ˜³| Telugu Podcast | Raw Talks With VK | #shorts #telugushorts,2025-06-09T05:00:35Z,372413,18604,56
lYn_kuw_Akg,Nuvvu naaku nerpisthavaa â‰ï¸| Telugu Podcast | Raw Talks With VK | #shorts #telugushorts,2025-06-08T17:00:52Z,1341015,53595,283
ua2XX4fchbs,ğŸ˜±CYCLE MEEDHA NUCLEAR PARTSâ—| Telugu Podcast | Raw Talks With VK | #shorts #telugushorts,2025-06-08T14:01:14Z,259774,13148,44
GWcY5ohtNVQ,ğŸ˜”ğŸ˜Ÿ How is this fair? | Telugu Podcast | Raw Talks With VK | #shorts #telugushorts,2025-06-08T05:00:15Z,701844,35470,245
P8_N1vFASnQ,Failed Marshal ğŸ¤¡| Telugu Podcast | Raw Talks With VK | #shorts #telugushorts,2025-06-07T14:30:13Z,296344,14171,70
QrKDsoFtgmM,â€¼ï¸THE BIGGEST TORTURE ğŸ˜±Telugu Podcast | Raw Talks With VK | #shorts #telugushorts,2025-06-07T04:50:01Z,1087722,49424,31
d8Sd349X4oU,ğŸ”¥ğŸ”¥Kothaa TEASERRRR,2025-06-06T16:30:40Z,1976670,102071,125
9Ic2aT0-iBQ,ğŸ”¥New Podcasttttt,2025-06-06T15:02:44Z,198004,7345,20
KiGH8d1Ww-c,ğŸ”¥ğŸ”¥CINEMA RANGE KANTE EKKUVAA | Telugu Podcast | Raw Talks With VK | #shorts #telugushorts,2025-06-06T14:21:20Z,1289111,35149,1555
ll867Y_Fnb4,ğŸ¤”ğŸ¤”Coconut Water Tagakadu | Telugu Podcast | Raw Talks With VK | #shorts #telugushorts,2025-06-05T14:01:13Z,3799882,92214,259
xYxH1oc3G68,â“â“Male Factor Problems | Telugu Podcast | Raw Talks With VK | #shorts #telugushorts,2025-06-05T05:01:08Z,2413117,66106,172
NhxbMeOn_HE,â“â“Pathakal Padathi... | Telugu Podcast | Raw Talks With VK | #shorts #telugushorts,2025-06-04T14:00:39Z,2843848,84360,265
QaRin8QCxq0,ğŸ«£ğŸ™ƒIndian Mothers | Telugu Podcast | Raw Talks With VK | #shorts #telugushorts,2025-06-04T05:00:33Z,1345655,34347,58
zns4lMODzM4,â€¼ï¸Oral S*x  | Telugu Podcast | Raw Talks With VK | #shorts #telugushorts,2025-06-03T17:01:16Z,150646,2881,8
WwZZly6Pd9k,ğŸ˜…ğŸ˜‚Ammai Matthu | Telugu Podcast | Raw Talks With VK | #shorts #telugushorts,2025-06-03T14:00:59Z,5085765,150169,1116
UR-9Mh1z2mw,ğŸ˜¯ğŸ˜¯Badyatha Ivvali!! | Telugu Podcast | Raw Talks With VK | #shorts #telugushorts,2025-06-03T05:00:37Z,3050351,75422,288
OJwlCwT3ykQ,ğŸ˜¥ğŸ˜¥Women's Life | Telugu Podcast | Raw Talks With VK | #shorts #telugushorts,2025-06-02T17:00:29Z,1093240,25121,73
BxdvLMNfWAk,People are CrazyyyyğŸ‘€| Telugu Podcast | Raw Talks With VK | #shorts #telugushorts,2025-06-02T14:00:15Z,2044444,59408,209
4Y93KrFj5Tg,ğŸ˜³â€¼ï¸GenZ lo leduuu |Telugu Podcast | Raw Talks With VK | #shorts #telugushorts,2025-06-02T05:00:10Z,3902136,113229,680
ATL2SN4XckI,ğŸ¤¨ğŸ§Pregnancy after 30 | Telugu Podcast | Raw Talks With VK | #shorts #telugushorts,2025-06-01T14:00:12Z,5731550,97146,440
-WCXJHc9FuE,ğŸ¤Zero Entertainment Abaah | Telugu Podcast | Raw Talks With VK | #shorts #telugushorts,2025-06-01T05:30:00Z,2632099,71952,557
l9vBbIHhPm8,ğŸ”¥Kotha TEASERRR | Telugu Podcast | Raw Talks With VK | #shorts #telugushorts,2025-05-31T16:50:37Z,1095450,23500,45
2zJ4pCXe-5I,ğŸ˜œğŸ˜œSHE IS BACKKKK | #shorts #telugushorts,2025-05-31T15:37:08Z,1636483,33667,118
DY06z-5Ku4g,â€¼ï¸MORE RAWWW â€‹â with â€‹â @drkshilpireddy  |Gynaecologist| Obstetrician | RawTalks Telugu PodcastEp-93,2025-05-31T14:50:06Z,3033466,60873,2778
kgNLyQtJctA,I don't think it will be the SAMEâ“â‰ï¸ | Telugu Podcast | Raw Talks With VK | #shorts #telugushorts,2025-05-29T14:01:20Z,643971,18296,53
LiuY1X7XiSI,ğŸ˜¯ğŸ˜¯Whole Theatre JUMPED UPPP| Telugu Podcast | Raw Talks With VK | #shorts #telugushorts,2025-05-29T05:00:33Z,819509,18545,97
IPjkgy6gakQ,â€¼ï¸I'm AGAINSTT ADVISINGGGâ€¼ï¸ | Telugu Podcast | Raw Talks With VK | #shorts #telugushorts,2025-05-28T14:00:22Z,134119,3464,13
kfBCgFX0EO8,ğŸ‘âŒBIGGEST SHAM of FILM INDUSTRY | Telugu Podcast | Raw Talks With VK | #shorts #telugushorts,2025-05-28T05:00:48Z,139461,3516,13
vS8y4cHwyJ0,â“â€¼ï¸When you are Financially Dependent...| Telugu Podcast | Raw Talks With VK | #shorts #telugushorts,2025-05-27T14:01:35Z,198024,6728,22
ilh2b5QSBus,People want something Extreme | #shorts,2025-05-27T05:00:51Z,103852,0,11
wkVVbrv2tgo,ğŸ˜‚ğŸ˜‚ Wait For The End | Telugu Podcast | Raw Talks With VK | #shorts #telugushorts,2025-05-26T14:01:30Z,1170944,26646,50
c7IR3zkHr6g,â“â“How far is it TRUEEE| #shorts,2025-05-26T05:00:42Z,703562,0,39
ljpLoJi5KYE,ğŸ˜…â€¼ï¸It is a Stupidest Thing| #shorts,2025-05-25T14:01:06Z,423292,0,41
DBjle9tYcLk,ğŸ‘ğŸ‘Make it Sound Like a YES | Telugu Podcast | Raw Talks With VK | #shorts #telugushorts,2025-05-25T05:00:13Z,202570,6275,8
YqpeKx643CA,Comment Your Opinionâ‰ï¸ | Telugu Podcast | Raw Talks With VK | #shorts #telugushorts,2025-05-24T13:01:04Z,464660,15184,116
R0acQBMMG5g,I don't like Travelling ğŸ˜…ğŸ˜…| #shorts,2025-05-24T05:00:32Z,539565,0,39
HgwLMPs_Qe4,Vallu Evaru Chepadanikiâ“ğŸ‘€ | #shorts #telugushorts,2025-05-23T17:00:30Z,479849,0,66
sm8vLU9wNqs,Prematho Paaduu ChestaruğŸ˜¥ğŸ˜¥ | Telugu Podcast | Raw Talks With VK | #shorts #telugushorts,2025-05-23T12:01:40Z,1136215,39449,120
ModUpMNdAmA,ğŸ”¥ğŸ’¯Podcast Chusara ???Watch Noww | Telugu Podcast | Raw Talks With VK | #shorts #telugushorts,2025-05-22T15:30:24Z,943744,29660,131
6mKECBasJwg,ğŸ”¥Video Live Aindiii| Telugu Podcast | Raw Talks With VK | #shorts #telugushorts,2025-05-22T14:36:55Z,1003069,26991,256
CPIFWca5NaU,ğŸ”¥ğŸ”¥ EE SARI KONCHAM KOTHAGAAA!!! RGV ON Raw Talks With VK |Telugu Podcast EP - 92,2025-05-22T14:17:27Z,2854363,75835,3343
utYnmpwAfRg,NO JOBS LEFTTTğŸ¤¨ | Telugu Podcast | Raw Talks With VK | #shorts #telugushorts,2025-05-22T05:01:03Z,187950,5573,19
3xsyLjRfp_o,Note CheskondiğŸ’¯ | Telugu Podcast | Raw Talks With VK | #shorts #telugushorts,2025-05-21T14:00:13Z,316929,14894,27
DPZLjMCYJTY,ğŸ¤”Em Jaragavachu??? | Telugu Podcast | Raw Talks With VK | #shorts #telugushorts,2025-05-21T05:00:12Z,754994,20800,209
Iyxv1Bq6CFY,â€¼ï¸Save these 3 AI Tools,2025-05-20T15:59:29Z,2417035,0,136
TGOXGjpx5Ro,Cheap Work Force INDIANSâ“â“ | Telugu Podcast | Raw Talks With VK | #shorts,2025-05-20T14:00:49Z,631735,15303,49
ZmFiwnRfJos,"Try Cheyandi, GuysssğŸ’¯ğŸ’¯  | Telugu Podcast | Raw Talks With VK  #shorts",2025-05-20T05:00:37Z,377221,14360,61
6Fko1e78eic,I want to be WRONGGGğŸ˜… | Telugu Podcast | Raw Talks With VK | #shorts #telugushorts,2025-05-19T14:00:08Z,371992,9573,107
o4sNKKrAjrY,â€¼ï¸Manam Cheskolema??? | Telugu Podcast | Raw Talks With VK | #shorts #telugushorts,2025-05-19T05:01:02Z,234773,7687,47
2bsTXOOa3XQ,Software Engineering Ante LIFE SETTT?? | Telugu Podcast | Raw Talks With VK | #shorts,2025-05-18T14:00:08Z,273108,8054,22
BVr7JC_hEvk,âš ï¸âš ï¸Nana HELPPP | Telugu Podcast | Raw Talks With VK | #shorts,2025-05-18T05:00:15Z,409428,10321,21
_md4XKJkgSw,ğŸ˜¥ğŸ˜¶14 years kid su*c*de aa??| Telugu Podcast | Raw Talks With VK | #shorts,2025-05-17T14:00:52Z,495287,9754,25
NFLQopxcvXc,Nuvu Enduku Avasaramâ“â“| Telugu Podcast | Raw Talks With VK | #shorts #telugushorts,2025-05-17T05:00:21Z,798783,26131,57
xhCua9wj7lY,â€¼ï¸Bhayam Aitundi| Telugu Podcast | Raw Talks With VK | #shorts #telugushorts,2025-05-16T17:14:13Z,360085,15206,49
2wewFI2bLxg,Podcast is LIVEEE - Watch NOW| Telugu Podcast | Raw Talks With VK | #shorts #telugushorts,2025-05-16T15:38:08Z,140716,4166,14
UUPiLFA-Og4,â€¼ï¸âš ï¸ ASSALU MISS AVVAKANDI | @vaibhavsisinty 1st AI Podcast on Raw Talks | Telugu Podcast Ep - 91,2025-05-16T15:12:16Z,1254394,24793,1385
BO_AUjKbF6g,KCR Garu & CBN Garu Gurinchi | Telugu Podcast | Raw Talks With VK | #shorts,2025-05-15T14:00:23Z,1537423,68347,339
3MqXtW72kfM,Malli BRS Vostadha...??? | Telugu Podcast | Raw Talks With VK | #shorts,2025-05-15T05:00:04Z,356765,14510,33
tLTfaaqyvyE,5 YEARS LO Anta MarutundiğŸ˜¯ğŸ˜… | Telugu Podcast | Raw Talks With VK | #shorts #telugushorts,2025-05-14T14:01:21Z,664527,22501,97
hkLpb2kjgck,Comment Cheyandiii Studentsâ•â•| Telugu Podcast | Raw Talks With VK | #shorts,2025-05-14T05:00:56Z,1017290,35875,146
E7SEEKji_3k,Meeru Em Antaruâ‰ï¸  | Telugu Podcast | Raw Talks With VK | #shorts,2025-05-13T14:00:31Z,711086,28209,138
nLWbTeQn6U0,Prathi Country Poina| Telugu Podcast | Raw Talks With VK | #shorts,2025-05-13T05:00:49Z,1266596,46165,210
YxhLo0-3ZtA,ğŸ˜…800 acres meedena SIR???| Telugu Podcast | Raw Talks With VK | #shorts,2025-05-12T14:00:54Z,1184629,46679,104
jHB_sbTlD2s,Placements ee Major PROBLEMMMğŸ˜¶â“ | Telugu Podcast | Raw Talks With VK | #shorts,2025-05-12T05:00:52Z,492732,18045,103
FMPTcWKtYpE,ğŸ“ŒGurantee Ga Success AvtavuğŸ“Œ | Telugu Podcast | Raw Talks With VK | #shorts,2025-05-11T14:00:18Z,864912,35074,148
2JjDh2t5cws,1st Time in INDIA.... | Telugu Podcast | Raw Talks With VK | #shorts,2025-05-11T05:00:05Z,2674864,102735,502
u8n9sstirFg,Blood Kakkukoni Unna!!!| Telugu Podcast | Raw Talks With VK |  #shorts,2025-05-10T14:01:19Z,1382093,50770,228
KTbX7pJA2A0,Nenu OppukonuğŸ˜… | Telugu Podcast | Raw Talks With VK | #shorts,2025-05-10T05:00:30Z,1158604,49258,164
PzBzhmXM_vo,Malla Reddy Ante BRANDâ€¼ï¸â€¼ï¸ | Telugu Podcast | Raw Talks With VK | #shorts,2025-05-09T17:00:38Z,2610544,88942,408
oPHkxDc-zmo,Watch Nowww - Podcast is LIVE | Telugu Podcast | Raw Talks With VK | #shorts,2025-05-09T14:30:36Z,825240,34817,110
NPIJfls89zU,Podcast Chusara - Watch Nowww | Telugu Podcast | Raw Talks With VK | #shorts,2025-05-09T13:24:39Z,499798,14516,92
7FbeLGB6lr0,ğŸ˜‚ğŸ”¥Malla Reddy Like NEVER BEFORE | Raw Talks Telugu Podcast Ep - 90,2025-05-09T13:20:13Z,2284359,66178,2840
1p_E70KTmNY,ğŸ˜…Question Cheyatledu | Telugu Podcast | Raw Talks With VK | #shorts,2025-05-08T14:00:05Z,274964,10252,37
kNwpsp8NGI8,ğŸ™„Migatavanni Failure Kadhu Kada...| Telugu Podcast | Raw Talks With VK | #shorts,2025-05-08T05:00:44Z,73506,2538,10
UzFSdywHWJw,ğŸ«¡Justice to Pahalgam VictimsğŸ«¡| Telugu Podcast | Raw Talks With VK | #shorts,2025-05-07T15:04:31Z,78863,3021,3
d_YJ512Vqqc,Students Ni Thappu Entiâ‰ï¸| Telugu Podcast | Raw Talks With VK | #shorts,2025-05-07T14:00:55Z,69815,2326,8
JXddhAeOo90,Thappu Ekada Jarugutundhiâ“â” | Telugu Podcast | Raw Talks With VK | #shorts,2025-05-07T05:00:18Z,71389,3481,13
cl9LOvoZTDY,ğŸ¤”Dignity of Labour chuskunte...| Telugu Podcast | Raw Talks With VK | #shorts,2025-05-06T14:00:57Z,202956,6254,21
f1BYSsxHwdY,ğŸ“ŒEasy Panni Idhi???| Telugu Podcast | Raw Talks With VK | #shorts,2025-05-06T05:00:43Z,80144,3524,15
3kX4u6pHjFw,ğŸ˜¥ğŸ˜‘Reality | Telugu Podcast | Raw Talks With VK | #shorts,2025-05-05T14:00:04Z,1707351,48933,79
Dv6XU8pWUcI,ğŸ˜¥0.09% Success Rate ey Undi | Telugu Podcast | Raw Talks With VK | #shorts,2025-05-05T12:00:22Z,81361,2620,4
AIYrty2Jk-0,â“â“JOIN AVVODHU | Telugu Podcast | Raw Talks With VK | #shorts,2025-05-05T05:00:18Z,241751,6930,11
-0fUtI59Fas,Adhi oo Rakamaina Janaba... | Telugu Podcast | Raw Talks With VK | #shorts,2025-05-04T05:00:01Z,307177,9534,52
9fClrqAIBMQ,ğŸ¤”ğŸ˜¢Mi thought enti??? | #shorts,2025-05-03T16:29:57Z,989893,0,182
_M4qcAEjCIQ,ğŸ’¯Mana LIFE Mana Choice | Telugu Podcast | Raw Talks With VK | #shorts,2025-05-03T14:00:50Z,119403,5524,15
3fGl_-EHD1Y,â€¼ï¸Mimmalni Meeru Nammandi | Telugu Podcast | Raw Talks With VK  | #shorts,2025-05-03T05:00:07Z,287214,11694,21
xcVZORLSd8g,ğŸ‘€â“Idhi Present Situation| #shorts,2025-05-02T14:01:33Z,199907,0,16
P27L6iPqlfo,VADU DHENIKI PANIKIRADU!! | #shorts,2025-05-02T05:00:33Z,251642,0,28
Aqb-XYOWkGo,ğŸ˜…ğŸ˜‚You Know Whom To Taggg| #shorts,2025-05-01T17:00:13Z,1301048,0,164
qHXTfkjE4Xs,Watch Nowwww  - Podcast is LIVE | #shorts,2025-05-01T16:10:19Z,314695,0,34
ycNyo7rpaMA,ğŸ˜§ğŸ¤¯ MUST WATCH | Indian Education System Exposed| Ft. Rahul Attuluri - NxtWave & NIAT |Telugu Podcast,2025-05-01T13:52:28Z,694173,19942,1044
d7Sl9rJaJWc,ğŸ’¯â€¼ï¸Mee Future Aipondi | Telugu Podcast | Raw Talks With VK | #shorts,2025-05-01T05:00:41Z,404988,14704,32
CZBTXWgadc8,Dabbulu Evvariki Urke Ravvu | Telugu Podcast | Raw Talks With VK | #shorts,2025-04-30T13:00:22Z,221305,10115,12
J7BRFT350zI,â€¼ï¸Aa TIME Malli Raavuuâ€¼ï¸ | Telugu Podcast | Raw Talks With VK | #shorts,2025-04-30T05:00:26Z,1363610,60555,200
mOV8lsJABMI,ğŸ’¸TaggaliğŸ™ŒğŸ» | Telugu Podcast | Raw Talks With VK | #shorts,2025-04-29T13:01:21Z,628357,24539,92
_B2T_berf7U,ğŸ˜…ğŸ˜‚ğŸ˜‚30 CARS aa | Telugu Podcast | Raw Talks With VK | #shorts,2025-04-29T05:00:29Z,1851011,42307,71
wnkJQwiRzMc,ğŸ˜…ğŸ˜…ğŸ˜…End ee ledu | Telugu Podcast | Raw Talks With VK | #shorts,2025-04-28T13:01:51Z,440208,14090,43
GW7aZIYuLh8,ğŸ”¥Chesi Chupichu | Telugu Podcast | Raw Talks With VK | #shorts,2025-04-28T05:00:16Z,708379,27568,69
atDgxGQJX_0,ğŸ’¯Meeru Kuda Teliskondi | Telugu Podcast | Raw Talks With VK | #shorts,2025-04-27T13:00:04Z,2623131,97129,245
Jfx9LvGRSYc,ğŸ¤”Owner Nenu Kadu Kani... | Telugu Podcast | Raw Talks With VK | #shorts,2025-04-27T05:00:17Z,1769214,63037,66
BaPIu39mpOE,ğŸ’¸Worst Addiction Idhee | Telugu Podcast | Raw Talks With VK | #shorts,2025-04-26T13:00:15Z,1854871,68353,317
lAJRSIJQ_38,160CR LOSS AindiğŸ˜²ğŸ™ƒ | Telugu Podcast | Raw Talks With VK | #shorts,2025-04-26T05:00:54Z,1228615,38677,74
Bt0fLOOAUrY,17000Cr ChesinağŸ’¸ğŸ’¯ | Telugu Podcast | Raw Talks With VK | #shorts,2025-04-25T14:00:13Z,2154131,84179,180
jxLQoF--UUE,ğŸ˜²ğŸ¤¨Robbery Story | Telugu Podcast | Raw Talks With VK | #shorts,2025-04-25T05:00:54Z,3221534,114077,172
_VqLbdq__l4,ğŸ˜ğŸ˜Podcast Chusara | Telugu Podcast | Raw Talks With VK | #shorts,2025-04-24T15:56:25Z,265176,9690,22
kc1BTt2NQig,Watch Noww | Telugu Podcast | Raw Talks With VK | #shorts,2025-04-24T14:45:40Z,520942,22166,55
0alJC9abw40,ğŸ˜‚ğŸ˜œDabbulu Yevariki Oorike Raavu| Ft.M.Kiran Kumar - Lalithaa Jewellery |RawTalks TeluguPodcast EP-88,2025-04-24T14:05:05Z,2451546,63097,2169
aRB5aj_rpEE,ğŸ˜…Inka Em Kawale??? - AK47 | Telugu Podcast | Raw Talks With VK | #shorts,2025-04-24T09:31:27Z,1547876,67978,146
G-RjiereG5A,â€¼ï¸â€¼ï¸Try Cheyalii | Telugu Podcast | Raw Talks With VK | #shorts,2025-04-23T13:00:23Z,186640,9104,12
DZzW3cItntY,ğŸ“ŒğŸ“ŒAndaru FAIL Avataruu kani...  |Telugu Podcast | Raw Talks With VK | #shorts,2025-04-22T13:00:25Z,47263,2552,3
5NfrzSi08a8,5 DaysğŸ˜²ğŸ¥² | Telugu Podcast | Raw Talks With VK | #shorts,2025-04-21T15:20:44Z,900347,37353,80
xODHRQAo5Yw,ğŸ˜§Plastic Bag Lo Pettaru... | Telugu Podcast | Raw Talks With VK | #shorts,2025-04-21T15:20:24Z,152050,5017,5
6224HydDQtk,ğŸ«¡ğŸ«¡ğŸ«¶ | Telugu Podcast | Raw Talks With VK | #shorts,2025-04-21T04:30:06Z,555047,38298,209
uVPfRL4ru9E,ğŸ™ŒğŸ’¯Basics undachu Kani Avasaram | Telugu Podcast | Raw Talks With VK |#shorts,2025-04-20T15:30:23Z,806551,36291,89
mrh9Qovc6RE,ğŸ’¯ğŸ«¶Women's Life | Telugu Podcast | Raw Talks With VK | #shorts,2025-04-20T12:01:20Z,748046,25318,153
gMEZ1Nv1vOE,3AM naku MSG vochindiii | Telugu Podcast | Raw Talks With VK | #shorts,2025-04-20T05:00:43Z,2458210,83145,53
tBcBU0qY024,ğŸ˜²ğŸ˜²The Hardest Operation | Telugu Podcast | Raw Talks With VK | #shorts,2025-04-19T15:30:23Z,1194209,43398,23
gPpaJpOrFbc,WE KILL*D 5 PAKISTANI TERROR**TS... | Telugu Podcast | Raw Talks With VK | #shorts,2025-04-19T12:01:10Z,313049,17327,19
MJ5DVp8cbTE,ğŸ”¥Podcast Chusaraaa | #shorts,2025-04-19T04:02:09Z,93064,0,8
rf2HW0O5gfM,Watch it NOWW - Podcast is LIVEEE | Telugu Podcast | Raw Talks With VK | #shorts,2025-04-18T14:01:17Z,701647,53261,251
k2SKajAwsfM,ğŸ”¥ğŸ”¥5 BULLETS NA BODY LO Ft. Lt. Gen. A Arun on Indian Army | Raw Talks Telugu Podcast Ep - 87,2025-04-18T13:39:42Z,1332456,45519,1717
uledJ_XkdCs,ğŸ˜…ğŸ˜…Appude Kontavu Kada | Telugu Podcast | Raw Talks With VK | #shorts,2025-04-17T05:00:58Z,149370,3720,9
r1j90Cr1-Ns,â€¼ï¸1000s of SIGNALSğŸ¤¨ tho nadustadi...| Telugu Podcast | Raw Talks With VK | #shorts,2025-04-16T14:01:28Z,205769,5946,13
wh20FQ8vq4Y,ğŸ˜…ğŸ˜…Nen Ela Chesta... | Telugu Podcast | Raw Talks With VK | #shorts,2025-04-16T05:00:54Z,327007,9653,6
ahe2FuZALBU,ğŸ˜‰Tag your Maggie Friends | Telugu Podcast | Raw Talks With VK | #shorts,2025-04-15T14:00:03Z,271000,8622,43
XCq7sNnAlgU,800Cr in 8months | Telugu Podcast | Raw Talks With VK | #shorts,2025-04-15T05:00:36Z,1003282,35076,29
BgF6rBeoiwc,ğŸ˜‰ğŸ˜‚YESSS! I WILL BUY IT| Telugu Podcast | Raw Talks With VK | #shorts,2025-04-14T14:00:29Z,884915,28693,39
rP71-JbQZS8,ğŸ˜…Vere Batch GENZ Aithe | Telugu Podcast | Raw Talks With VK  | #shorts,2025-04-14T05:00:53Z,231320,7320,11
NzNumqOI454,ğŸ˜‚ğŸ¤£Soooooooo... | Telugu Podcast | Raw Talks With VK | #shorts,2025-04-13T13:52:53Z,2641392,95190,68
NOwEutd2dRM,âœŒğŸ»âœŒğŸ»Alochinchandi| #shorts,2025-04-13T04:18:35Z,772367,0,160
yMhCNN3tADg,ğŸ’¯One of the Most Respected Name | Telugu Podcast | Raw Talks With VK | #shorts,2025-04-13T03:24:06Z,924088,28360,25
S9Usa4U53gw,ğŸ™ŒğŸ™ŒSuccess Rate Kuda Chala Akkuva Undi | Telugu Podcast | Raw Talks With VK | #shorts,2025-04-12T17:30:06Z,420558,12702,16
2W99tR5OgrQ,"ğŸ˜‚ğŸ˜…Heyyy, WHAT are you doing??? | Telugu Podcast | Raw Talks With VK | #shorts",2025-04-12T14:39:42Z,3513402,132835,142
5b6s8eSNBXE,ğŸ˜‚ğŸ˜‚ğŸ˜‚ | Telugu Podcast | Raw Talks With VK | #shorts,2025-04-12T05:29:56Z,763976,21064,51
DVpPJkWEYAA,Watch it NOWWW - Podcast is LIVE | Telugu Podcast | Raw Talks With VK | #shorts,2025-04-11T15:04:43Z,1687058,62829,102
O-Y01hFdFM4,ğŸ˜‚ğŸ˜‚MOST FUNNIEST GUEST ON Raw Talks Ft. Niranjan Pagadala | Telugu Podcast EP - 86,2025-04-11T14:21:05Z,918122,19311,725
Jn8MzZv8QAQ,Gold or Stock Market? | Telugu Podcast | Raw Talks With VK | #shorts,2025-04-10T14:00:34Z,132348,4163,9
eGsQ-Hq1noQ,"ğŸ¤”Apple, Meta lo INVEST ela cheyachu? | Telugu Podcast | Raw Talks With VK | #shorts",2025-04-10T05:00:35Z,149531,4927,12
xPCee_khdxw,â“â”I might FOLLOW those... |Telugu Podcast | Raw Talks With VK | #shorts,2025-04-09T14:01:18Z,2198436,78737,89
_NVEmWqXFSQ,ğŸ˜“Chusi konandammaaa | Telugu Podcast | Raw Talks With VK | #shorts,2025-04-09T05:00:34Z,613909,0,41
TfPyJPjbjzI,â“Entha time job chestham???...| #shorts,2025-04-08T05:05:30Z,404703,0,36
BDmshGmT-24,ğŸ™ŒğŸ™ŒğŸ™Œ | Telugu Podcast | Raw Talks With VK,2025-04-07T14:05:53Z,914819,27543,46
tyXlTn2qUi4,NEE JEEVITHAM IDHIII....!!!|Telugu Podcast | Raw Talks With VK | #shorts,2025-04-07T04:39:23Z,613603,19269,37
PBnm49K61qo,â€¼ï¸Chusaraaaa??? | #shorts,2025-04-06T17:45:06Z,1712221,0,73
4tX_jS9Z0oI,â€¼ï¸Scam 1992 - Harshad Mehta Scam | Telugu Podcast | Raw Talks With VK | #shorts,2025-04-06T09:22:07Z,1043949,39227,55
QOOgB7NGJ5Q,â“The BEST Things to Invest... | Telugu Podcast | Raw Talks With VK | #shorts,2025-04-06T04:54:19Z,1084060,0,59
FwUmbUMrpw0,ğŸ¤¯ğŸ¤¯ğŸ¤¯ğŸ’¸ | Telugu Podcast | Raw Talks With VK | #shorts,2025-04-05T14:21:01Z,4990735,146238,367
xxKxmR8o34Y,ğŸ¥¹ğŸ¥¹I Can Relate a Lottt | Telugu Podcast | Raw Talks With VK | #shorts,2025-04-05T04:21:51Z,690244,23057,64
HKHcM7ZrZPk,ğŸ˜¥ğŸ¤  Ardham Chesukondi| Telugu Podcast | Raw Talks With VK | #shorts,2025-04-04T16:55:19Z,465771,12316,42
oRgo8v_WkAc,Watch Nowww - Podcast is LIVE | Telugu Podcast | Raw Talks With VK | #shorts,2025-04-04T13:30:16Z,378146,14280,98
CjsldB37dHU,"ğŸ”¥ğŸ”¥MUST WATCHâ€¦!| Money, Gold, Investment & more | Raw Talks Telugu Podcast EP 85",2025-04-04T13:02:45Z,1983786,59312,2628
kNinj_gfuas,ğŸ˜”ğŸ˜”ğŸ˜” | Telugu Podcast | Raw Talks With VK | #shorts,2025-04-03T14:00:51Z,306699,8898,27
FeB2_Eq_2-k,ğŸ˜…ğŸ™ŒHow to choose a RIGHT Product? | Telugu Podcast | Raw Talks With VK | #shorts,2025-04-02T14:00:22Z,283004,5771,11
PdK_3WEBL9E,ğŸ¤·â€â™€ï¸ğŸ¤·â€â™‚ï¸Around the world COMMON aipondi??? | Telugu Podcast | Raw Talks With VK | #shorts,2025-04-01T13:00:36Z,1636910,25089,106
PuowW4wTn-g,ğŸ˜‚ğŸ˜‚ğŸ˜‚| Telugu Podcast | Raw Talks With VK | #shorts,2025-03-31T11:30:15Z,555486,11523,16
HHUaH1gBE9o,ğŸ˜³ğŸ˜¨Vammooo | Telugu Podcast | Raw Talks With VK | #shorts,2025-03-31T05:00:11Z,1991852,39739,189
k-QwjxdbH60,ğŸ˜®ğŸ˜“ğŸ˜“ | Telugu Podcast | Raw Talks With VK | #shorts,2025-03-30T15:28:34Z,622177,14629,52
u3TuOLZh6h8,â‰ï¸Idhi Elage Uá¹‡á¹­unda... | Telugu Podcast | Raw Talks With VK | #shorts,2025-03-30T06:15:03Z,256736,6921,22
ocN9QYp1Qg4,â“â“Whatâ€™s the Actual Reason| Telugu Podcast | Raw Talks With VK | #shorts,2025-03-30T03:55:55Z,848776,17181,51
LHXukFrPfxo,ğŸ˜‚ğŸ˜‚Vyavasayammm | Telugu Podcast | Raw Talks With VK | #shorts,2025-03-29T12:44:02Z,395441,13421,27
AhvgLhiGjYA,â€¼ï¸Acne Ila Vastundi... | Telugu Podcast | Raw Talks With VK | #shorts,2025-03-29T08:39:32Z,1149272,23843,57
p9CuUBwQITg,ğŸ—£ï¸What's WRONG in it???| Telugu Podcast | Raw Talks With VK | #shorts,2025-03-29T04:04:03Z,266786,6281,11
uC68A8TQl-c,â€¼ï¸Male Boobs isn't an Issue| Telugu Podcast | Raw Talks With VK | Z#shorts,2025-03-28T17:52:15Z,52589,1678,4
Ktk75JYd67Q,Watch it NOWWW - Podcast is Live | Raw Talks With VK | #shorts,2025-03-28T13:45:31Z,122867,4003,10
R6x8A-t0Pac,ğŸ˜¶DONâ€™T SKIP THISâ€¼ï¸He is BACK again | Dr.Rajasekhar  Gollu | Raw Talks Telugu Podcast EP 84,2025-03-28T13:19:38Z,665405,11193,421
XaZUP8OmhW8,ğŸ”¥ğŸ«¶ğŸ»ğŸ˜‚ğŸ’¯RINGA RINGA|  Telugu Podcast | Raw Talks With VK | #shorts,2025-03-28T05:00:23Z,31512,1346,4
KOWQGs19VNY,ğŸ”¥ğŸ¥³ğŸ˜IPL FINAL MATCH | Telugu Podcast | Raw Talks With VK | #shorts,2025-03-27T16:00:21Z,87387,3157,5
yNHdWu1WJII,ğŸ¥¹ğŸ«¶ğŸ»ğŸ’¯ | Telugu Podcast | Raw Talks With VK| #shorts,2025-03-27T14:01:10Z,572495,20645,22
Vb4tSvEaY2I,ğŸš«ğŸ§ğŸ“ŒThis Guy is TOUGH | Telugu Podcast | Raw Talks With VK | #shorts,2025-03-27T11:30:28Z,72339,3081,5
sEbhJzMG994,â€¼ï¸Political Movement...?|  Telugu Podcast | Raw Talks With VK | #shorts,2025-03-27T05:09:33Z,32451,2051,25
2aS2uOOM1KI,ğŸ˜ğŸ˜œHistory lo most important MATCH | Telugu Podcast | Raw Talks With VK | #shorts,2025-03-23T14:00:02Z,380476,17649,27
fRpg195q3ac,Tag RCB Fansâ¤ï¸|  #shorts,2025-03-22T16:46:34Z,65286,0,21
fRvaebUqsh4,ğŸ˜…ğŸ˜…RCB à°à°‚à°¦à±à°•à± à°—à±†à°²à°µà°²à±‡à°¦à± à°‡à°ªà±à°ªà°Ÿà°¿à°µà°°à°•à± ??? | Telugu Podcast | Raw Talks With VK | #shorts,2025-03-21T14:00:49Z,581071,31057,221
rOqtR6aV2QY,ğŸ˜µIt is a HUGE PRESSURE... | Telugu Podcast | Raw Talks With VK | #shorts,2025-03-20T14:01:05Z,307441,14792,24
DDLTI7NDn38,ğŸ‘ŒğŸ‘ŒğŸ‘Œ|Telugu Podcast | Raw Talks With VK | #shorts,2025-03-18T15:51:18Z,546723,35260,50
BC6tHSV2ZOE,ğŸ”¥ğŸ”¥Sooseki Song| Telugu Podcast | Raw Talks With VK | #shorts,2025-03-18T12:59:36Z,1057901,72190,64
JT7kyhn7LkA,ğŸ˜…Nenu Idhi Namata Andi | Telugu Podcast | Raw Talks With VK | #shorts,2025-03-18T05:00:13Z,415148,19625,115
ky8mk_1zZiQ,ILAYARAJA SirğŸ«¶ğŸ»ğŸ«¶ğŸ»ğŸ«¶ğŸ» | Telugu Podcast | Raw Talks With VK | #shorts,2025-03-17T16:19:00Z,174405,11573,28
ZNr0jYRFVyk,â‰ï¸Edhi Akarleduuu| Telugu Podcast | Raw Talks With VK | #shorts,2025-03-17T13:00:59Z,224854,20815,80
Ucial6zg8tE,ğŸ™ƒIt is an INSULT...| Telugu Podcast | Raw Talks With VK | #shorts,2025-03-17T05:00:32Z,668935,40273,487
TQTksCzavWE,ğŸ’¯Solid Point Idhiii |Telugu Podcast | Raw Talks With VK | #shorts,2025-03-16T17:00:29Z,468411,37417,182
OdQUgTrpG3o,â‰ï¸Idhey Learning Kada...| Telugu Podcast | Raw Talks With VK | #shorts,2025-03-16T13:08:44Z,285911,17896,34
cBUNVt59F3A,ğŸ™ŒğŸ™ŒğŸ™Œ| Telugu Podcast | Raw Talks With VK | #shorts,2025-03-16T04:51:51Z,207772,14996,54
h0jpG_wX5f8,ğŸ˜‚ğŸ˜‚Nenu veltanuuu Sirrr! |Telugu Podcast | Raw Talks With VK | #shorts,2025-03-15T17:04:08Z,699592,45066,61
P4YSIi_S5tk,ğŸ¥¹ğŸ‘ŒThis Part | Telugu Podcast | Raw Talks With VK | #shorts,2025-03-15T12:52:49Z,344529,23266,143
1xA5BsBm5es,ğŸ”¥Jagrattaga Vinandi Andaru | Telugu Podcast | Raw Talks With VK | #shorts,2025-03-15T04:55:49Z,1029592,55351,214
khGZpFBagE8,Watch Noww - Podcast is LIVEE |Telugu Podcast | Raw Talks With VK | #shorts,2025-03-14T14:30:22Z,278641,21953,52
CaUUFXANhHE,ğŸ˜‚ğŸ˜œCOPY Kottadamuu INSPIRE Avvadamuu Okkati Kaadu | Telugu Podcast | Raw Talks With VK EP-83,2025-03-14T13:55:18Z,1667651,43416,2061
wHOqEE_gzI0,Ee sari late avvadu leğŸ˜œ | Telugu Podcast | Raw Talks With VK| #shorts,2025-03-13T15:04:46Z,108798,5884,84
B1OYWIXkc7w,âœ…ğŸ“ŒThis is How YOU should Think | Telugu Podcast | Raw Talks With VK | #shorts,2025-03-13T05:00:06Z,198482,16103,80
kE6ev2aJXFA,ğŸ’¯Ippudu Kuda Idhey Follow Aitha!!! | Telugu Podcast | Raw Talks With VK| #shorts,2025-03-12T17:00:54Z,187227,14565,54
DonWHVRXjHo,ğŸ¥ºWorldCup Nundi Teesesinapudu| Telugu Podcast | Raw Talks With VK,2025-03-12T11:30:08Z,289705,18443,94
N0_Wc9asKpg,About KohliğŸ”¥ğŸ”¥ | Telugu Podcast | Raw Talks With VK,2025-03-11T15:03:41Z,986220,51305,111
vGyBzf_qIYU,ğŸ˜‚ğŸ˜œJaney Jigarrr - Bravo | Telugu Podcast | Raw Talks With VK | #shorts,2025-03-10T15:59:10Z,919056,63198,66
iIU9KtsAWl4,ğŸ‘€ğŸ¤”Jo Dikhta Hai Woh Bikta Hai| Telugu Podcast | Raw Talks With VK | #shorts,2025-03-09T15:04:33Z,467866,26101,216
5CO93oEbPvg,ğŸ˜œDhoniâ€™s Biryani Controversy,2025-03-09T03:22:39Z,1932500,0,344
wsvoNN_SLfQ,â€¼ï¸Podcast is Liveee - Watch Nowww | Telugu Podcast | Raw Talks With VK,2025-03-08T13:39:55Z,418371,28765,141
YgQRQXQA8KY,ğŸ”¥ğŸ”¥IDI PODCAST KAAADUU!!! â€RAYUDUâ€ - A Raw Talks Documentary -Telugu Podcast | Raw Talks With VK EP82,2025-03-08T13:09:52Z,1228184,37602,2162
iueJwNOqDNg,Guessssss cheyandiiâ€¼ï¸ğŸ”¥ğŸ”¥ğŸ”¥,2025-03-06T16:22:15Z,820065,0,423
S6b8Jb4ZPRc,Watch Until End... | Telugu Podcast | Raw Talks With VK,2025-03-05T14:30:18Z,271925,11553,34
yna3bYx1NrQ,ğŸ˜¶ğŸ˜¶ | Telugu Podcast | Raw Talks With VK,2025-03-05T04:26:38Z,333279,17306,93
cczTN_Nqfp8,Do you agree with him? | Telugu Podcast | Raw Talks With VK,2025-03-04T14:14:20Z,503210,25927,167
OlI6SejEXaw,ğŸ™ŒğŸ™Œ | Telugu Podcast | Raw Talks With VK,2025-03-03T14:48:54Z,206777,12414,80
MiO0v0vINH4,ğŸ¤¯Mana Medhadu Ki Em Aindi??? | Telugu Podcast | Raw Talks With VK| #shorts,2025-03-03T05:24:48Z,180598,10854,58
2C30MiRi7GI,ğŸ˜¯ğŸ¤Vantintlo Vethukkondi..| Telugu Podcast | Raw Talks With VK | #shorts,2025-03-02T15:10:49Z,331901,16890,94
mOqywCWeHZo,ğŸ˜¢ğŸ˜¢Punjab Situation | Telugu Podcast | Raw Talks With VK | #shorts,2025-03-02T05:02:05Z,476853,18294,106
JjpfC8UYfAo,ğŸ¤¯Lakshala Litres Milk Asalu yekkadidi??..|Telugu Podcast | Raw Talks With VK,2025-03-01T13:29:58Z,418965,16934,84
gGODYpipjGE,ğŸ›‘Aadavallaku Meesalu Ravadam enti? ğŸ˜| Telugu Podcast | Raw Talks With VK | #shorts,2025-03-01T04:37:14Z,423220,14587,80
FQ2QSK1U4kI,ğŸ¤”Idi yepudaina alochincharaa???  | Telugu Podcast | Raw Talks With VK | #shorts,2025-02-28T17:00:03Z,914128,37282,173
ZtLnFb54doY,â€¼ï¸Watch Nowww - Podcast is Live | Telugu Podcast | Raw Talks With VK | #shorts,2025-02-28T15:37:50Z,481433,21642,106
3yKkOTBjyj0,ğŸ¤¬ğŸ˜¡WAS IT ALL PLANNED??? | Padma Shri Dr. Khader Vali on Raw Talks Telugu Podcast Ep - 81,2025-02-28T15:07:11Z,1502451,37121,2991
fDAMvw4omhc,â”Age Ni Ala Apachu??? | Telugu Podcast | Raw Talks With VK | #shorts,2025-02-28T04:30:15Z,235818,13727,15
Z0Z_m7zFsDU,ğŸ˜³Shocking Numbersâ€¼ï¸ | #shorts,2025-02-27T16:27:30Z,62914,0,6
R5S3TI93-ls,Guyss!! Be Careful â€¼ï¸Telugu Podcast | Raw Talks With VK,2025-02-27T14:30:12Z,127776,5662,22
SMU4vjQeLWk,Avoid Surgery with Stem Cell Therapy | Telugu Podcast | Raw Talks With VK,2025-02-27T13:15:02Z,101076,5131,19
t12bvygf6Ro,Recover Faster from Sports Injuries with stem cell treatments |Telugu Podcast | Raw Talks With VK,2025-02-26T12:30:55Z,204047,13800,19
PHm-fcmxEV8,â”â“Asalu Em Avutundi | Telugu Podcast | Raw Talks With VK | #shorts,2025-02-25T12:30:25Z,370106,0,53
se8slmN8se4,ğŸ‘€ Jagrathaga à°‰à°‚à°¦à°‚à°¡à±€... | Telugu Podcast | Raw Talks With VK | #shorts,2025-02-24T13:35:28Z,147387,7554,15
JT0VOR3V6E8,â‰ï¸Fasting Tho Benefits Untada? | Telugu Podcast | Raw Talks With VK | #shorts,2025-02-24T04:26:42Z,641887,31482,166
7AS281dd5Yw,"ğŸ“ŒGuysss, Be Careful | Telugu Podcast | Raw Talks With VK | #shorts",2025-02-23T13:21:26Z,45510,2922,11
R3bHfsgx3EI,ğŸ¤”â‰ï¸Is this the Future....? | Telugu Podcast | Raw Talks With VK | #shorts,2025-02-23T04:47:22Z,220625,8116,31
TB_Kb_w5v2w,ğŸ˜…Would You TRY It???? |Telugu Podcast | Raw Talks With VK | #shorts,2025-02-22T15:43:29Z,1577832,73713,211
OGd0sokEwts,ğŸ™‹ğŸ»â€â™€ï¸ğŸ™‹ğŸ»Meeru ICEBATHS Try Chestaraâ“| Telugu Podcast | Raw Talks With VK | #short,2025-02-22T12:37:18Z,402011,21622,49
8EsW2GbhOqs,ğŸ˜±ğŸ‘€à°®à±€à°°à± à°¦à±€à°¨à°¿ à°—à±à°°à°¿à°‚à°šà°¿ à°µà°¿à°¨à±à°¨à°¾à°°à°¾ | Telugu Podcast | Raw Talks With VK | #shorts,2025-02-22T04:18:06Z,124451,6581,16
v0DIUJqs4s8,ğŸ”¥Watch Nowww...Podcast is LIVE | Telugu Podcast | Raw Talks With VK | #shorts,2025-02-21T15:48:09Z,74443,3161,27
ShwnlRlUKA4,"ğŸ“ŒğŸ˜³I WAS SHOCKED! 1st Time on Raw Talks Ft.Dr. Venkatesh Movva | PRP, Stemcells | TeluguPodcast Ep-80",2025-02-21T15:05:03Z,669830,13555,793
AG5_BZ6p6Pc,ğŸ˜‚ğŸ˜‚ğŸ˜‚,2025-02-20T14:34:52Z,76794,0,11
ssgiX8-StRE,ğŸ¥¹ğŸ¥¹ğŸ¥¹,2025-02-19T16:09:10Z,778334,0,48
t0f6BqZ7R1U,ğŸ¥¹This is DeepğŸ‘ŒğŸ‘Œ,2025-02-18T14:37:23Z,1163409,0,200
tm8fKqMS7XM,ğŸ¥¹Donâ€™t Miss It | Telugu Podcast | Raw Talks With VK,2025-02-17T14:25:44Z,823742,50118,66
lrCy9b3goZw,ğŸ˜‚ğŸ˜‚Idhi Wit Ante |Telugu Podcast | Raw Talks With VK | #shorts #telugushorts,2025-02-17T04:50:04Z,12757547,536280,458
LXmS_hnp5ns,ğŸ¥¹ğŸ¥¹Ayana Matallo Edo Magic undi,2025-02-16T13:12:37Z,403525,0,93
WNb0iWli9xc,ğŸ”¥ğŸ”¥ğŸ”¥ğŸ”¥,2025-02-16T08:06:21Z,1819762,0,347
aNuutriVP8M,ğŸ”¥Value Bombsss!!!,2025-02-16T05:24:26Z,294350,0,107
GqYMdsWyUTw,ğŸ¥¹ğŸ¥¹Must Watch!! Brahmanandam Garuu!,2025-02-15T14:17:41Z,461788,0,121
tPsf4ycvpQE,ğŸ˜M.S.Narayana Garu|Telugu Podcast | Raw Talks With VK | #shorts,2025-02-14T14:56:26Z,2392797,156596,161
OKYFUOj8_Lc,Happy Valentine's DayyyğŸ«¶ğŸ»| Telugu Podcast | Raw Talks With VK |#shorts,2025-02-14T05:46:41Z,730113,47005,107
p1NAvEqwwK4,ğŸ”¥ğŸ”¥Comedy Legend on Raw Talks | Ft Brahmanandnam Garu | Telugu Podcast  |#shorts #telugushorts,2025-02-13T16:33:55Z,319023,26577,100
V6IxJxZF7kc,Watch NOWWW ğŸ”¥Podcast is LIVEEğŸ’¯|Telugu Podcast | Raw Talks With VK #shorts,2025-02-13T14:32:00Z,182450,14272,34
eK71EN3P78U,ğŸ”¥ğŸ”¥Title Avasaram Leni Episode |Comedy Legend â€œDr.Brahmanandam Garuâ€ | Raw Talks Telugu Podcast Ep79,2025-02-13T13:59:15Z,4792170,149939,4991
kBPNxaQLUpI,ğŸ˜œMeeku Telusuuu!!,2025-02-12T13:36:29Z,583209,0,404
GalXg93Eoes,ğŸ¤¯ğŸ¤¯Can U guess the Guest???,2025-02-11T14:49:48Z,700775,0,1219
3E4XK4wXkeA,ğŸ˜‚Meeru Discourage Chestara...| Telugu Podcast | Raw Talks With VK | #shorts #telugushorts,2025-02-11T13:23:34Z,142651,7692,34
8M2-2gfQJEU,He was on the WRONG Sideâ‰ï¸| Telugu Podcast | Raw Talks With VK | #shorts #telugushorts,2025-02-11T04:56:19Z,547556,44225,92
7JJ4oERCgdg,ğŸ˜–Ajeeb Manushuluâ€¦.,2025-02-10T15:41:39Z,101869,0,28
3OK8qIcEG68,ğŸ¤”What do you feel?? | Telugu Podcast | Raw Talks With VK | #shorts #telugushorts,2025-02-09T16:58:55Z,213421,9318,24
A38Mhhula-E,â€¼ï¸ğŸ’¯Watch The Podcast Nowww! | #shorts,2025-02-09T11:53:58Z,263656,0,16
iFkiXkayCpU,â¤ï¸â¤ï¸ANR garu in Manam Movie| Telugu Podcast | Raw Talks With VK | #shorts #telugushorts,2025-02-09T04:32:06Z,173699,13738,20
8ejjjPRg5ZA,ğŸ˜‚ğŸ˜‚Babu Culture | Telugu Podcast | Raw Talks With VK  #shorts #telugushorts,2025-02-08T14:25:02Z,800510,34220,53
vtqjAo8GX9E,Podcast is Livee!! Watch Nowww! |Telugu Podcast | Raw Talks With VK | #shorts #telugushorts,2025-02-07T15:20:39Z,264472,13209,51
jyDav--HeZI,â€¼ï¸CHAY on SHOYU | Divorce | Nepotism | Film Career | Raw Talks With VK Telugu Podcast -78,2025-02-07T14:28:44Z,3276973,75099,3930
ZafEQBit6OM,ğŸ”¥Podcast is Live...Watch NOWWW| Telugu Podcast | Raw Talks With VK,2025-02-04T14:38:58Z,298029,12988,58
4Q0sGjVs7Ig,Planned Murder ğŸ‘€ğŸ¤| Telugu Podcast | Raw Talks With VK | #shorts #telugushorts,2025-02-03T14:59:37Z,333820,17261,68
AfdAXXIpZfs,ğŸ¤¯Kokapet Land Konnadu!!,2025-02-02T17:09:16Z,405942,0,51
7_SvSKK1tQo,ğŸ¤”Did you know this?? | Telugu Podcast | Raw Talks With VK | #shorts #telugushorts,2025-02-02T14:36:31Z,519759,33293,85
QKTYV0_Rl3I,ğŸ¤”Do you have this Doubt? Telugu Podcast | Raw Talks With VK,2025-02-02T03:29:51Z,3247607,147293,322
_dBoO_q2c58,ğŸ”¥Guesssss!!! 77th GuestğŸ¤¯,2025-02-01T17:11:24Z,184769,0,40
ytaHa8nHocw,ğŸ™ŒğŸ»77th Podcast is LIVE!!! Watchh NOWWW | Telugu Podcast | Raw Talks With VK,2025-02-01T16:35:34Z,276792,18269,55
KKLsBurqO2E,ğŸ’¯Biggest Story of India Ft. Guruswamy Naidu|Celkon Group| Inspirational|RawTalks TeluguPodcast EP77,2025-02-01T16:07:10Z,714835,19997,377
kwhMGRGShno,ğŸš¨Guyssss!!! | Telugu Podcast | Raw Talks With VK,2025-01-29T16:31:24Z,457332,14143,51
ctaXbjGIorE,ğŸ˜œI knowww Ajeeb topic ehh!!! Poop Colour| Telugu Podcast | Raw Talks With VK,2025-01-28T16:32:33Z,260602,9901,37
cEO1312j23w,Be Careful Guyssâ€¼ï¸ | Telugu Podcast | Raw Talks With VK |#shorts #telugushorts,2025-01-28T04:53:08Z,966634,37470,74
jTzAdRZwZsk,ğŸ™„ğŸ˜…YOU are an Idiot | Telugu Podcast | Raw Talks With VK | #shorts #telugushorts,2025-01-27T13:59:06Z,367562,15177,284
XgH1dav4Pd0,ğŸ˜‚Car lo Yentha mandiki experience aindi?| Telugu Podcast | Raw Talks With VK | #telugushorts,2025-01-26T13:31:57Z,467135,11679,29
1bTR0S8xfIU,ğŸ˜œKallu Buddi Sangathiii | #shorts #telugushorts,2025-01-26T06:14:15Z,502027,0,71
Dmgi80Gwv1Q,ğŸ‘€à°œà°¾à°—à±à°°à°¤à±à°¤à°—à°¾ à°µà°¿à°¨à°‚à°¡à°¿ | #shorts #telugushorts,2025-01-26T05:30:15Z,243858,0,53
19ir0zqKkQM,ğŸ”¥Goddu Kaaram | Telugu Podcast | Raw Talks With VK | #shorts #telugushorts,2025-01-25T14:12:14Z,505108,21973,109
xbPhZ6oM_ds,â€¼ï¸Podcast is Live...Watch Noww | Telugu Podcast | Raw Talks With VK,2025-01-24T18:13:39Z,1332693,60798,191
L_SXd5hd4rM,ğŸš¨PLEASE DONâ€™T MESS WITH IT | Obesity | GUT | Telugu Podcast Ep - 76,2025-01-24T17:59:45Z,1345774,28731,1316
GU-8sqMK46I,Podcast 75â€¼ï¸ Watch It Noww | Telugu Podcast | Raw Talks With VK,2025-01-23T13:18:58Z,238322,14382,41
53-uHlqogqs,ğŸ¤”FD's Lo Invest Cheyala??? | Telugu Podcast | Raw Talks With VK | #shorts,2025-01-22T17:27:17Z,144638,6115,22
9nrqac5U1b0,ğŸ¤¯Beware of such Scams Guyss!!! | Telugu Podcast | Raw Talks With VK | #shorts,2025-01-21T16:45:42Z,210893,9334,19
1APGsWXQEu8,ğŸ˜“Athani life ey cancel ayindi...| Telugu Podcast | Raw Talks With VK | #shorts #telugushorts,2025-01-21T06:18:47Z,289632,12374,32
JThG0ILM-RE,ğŸ˜â€¼ï¸Oka Roju à°¤à°¤à°‚à°—à°‚ | Telugu Podcast | Raw Talks With VK | #telugushorts #shorts,2025-01-20T14:35:12Z,1108356,49967,213
ZWssGuUChwk,ğŸ˜¢Manava Sambandhalu annii Aardhika Sambandhalee |Telugu Podcast | Raw Talks With VK | #shorts,2025-01-20T04:45:43Z,111439,8794,47
5s9ACmoWZTQ,ğŸ˜‚ğŸ˜³Maze laga undiiiiâ€¦!,2025-01-19T05:14:52Z,234343,0,52
N_wZHnEuFMA,ğŸ’¯â€¼ï¸The Best Part | #shorts #telugushorts,2025-01-18T14:50:40Z,533482,0,97
n6XPVhIVCEw,â‰ï¸Do You Agree With Him...| #shorts  #telugushorts |Telugu Podcast | Raw Talks With VK,2025-01-18T04:55:24Z,435251,27352,66
x0c98ucT_Mc,ğŸ’¯SPECIAL TEASER | #shorts  #telugupodcast #telugushorts,2025-01-17T16:14:35Z,604365,0,82
lDF6KLHKrUs,ğŸ˜Chudalsindeyy!! 75th SPECIAL EPISODE Ft.Harish Reddy| Money|Savings| @Stable_Money Telugu Podcast,2025-01-17T15:17:51Z,1241229,26511,1517
gXJGUkUSpvg,Sorry! Weird Question!! But Felt ImportantğŸ’¯ | #telugupodcast #telugushorts #shorts,2025-01-14T13:35:05Z,1103680,0,144
D9aF1USrbj8,Can You Relate????ğŸ˜§ | #shorts #telugushorts #telugupodcast,2025-01-13T15:59:26Z,169225,0,38
kC12-1dm104,2nd Case Explaineddd | #shorts #telugupodcast #telugushorts,2025-01-12T15:32:54Z,424257,0,32
tRod4WuuLLQ,ğŸ˜±ğŸ˜Vamooo | Deenigurnchi Vinnara?? |Telugu Podcast | Raw Talks With VK,2025-01-11T13:36:43Z,676362,29897,158
H_H2GjNEyEE,â‰ï¸Much Needed | #telugushorts  Podcast | Raw Talks With VK,2025-01-10T14:41:09Z,217041,18005,30
WofKEo1NWN0,ğŸ˜•Please be Careful | #shorts #telugushorts,2025-01-09T15:00:33Z,992377,29605,62
YSRslZKLvL8,â€¼ï¸ğŸ«¡Oh My Goddd...| #shorts #telugushorts,2025-01-08T14:54:33Z,2635555,0,253
JR9SUacPRqo,ğŸ˜§ğŸ˜§Very Disturbing!! | #shorts #telugushorts,2025-01-07T14:06:55Z,355385,0,48
USDsp9HASkU,ğŸ”¥ğŸ”¥ğŸ”¥He back againnnnnn!!! | #trending #shorts #telugushorts,2025-01-06T14:49:26Z,460289,0,66
mDa9H0bGfrk,ğŸ˜§ Paadu chestundi maname,2025-01-05T15:19:59Z,1003924,0,99
wqaUzdSs24w,ğŸ˜ŸJackie Shroff MataluğŸ˜¢ğŸ˜¢,2025-01-05T03:39:41Z,3500078,0,252
fJYglSfoseM,ğŸ˜§Pleaseeâ€¦ Bhayapadandiiii..,2025-01-04T16:41:37Z,874234,0,87
xNk8-9QKqG0,ğŸ˜¢ğŸ˜ŸMeelo yevaraina face chasara? | #shorts #telugushorts,2025-01-04T14:05:51Z,553030,22334,102
QQamTxQ350E,ğŸ˜§Adi Mondithanam kaaduğŸ˜§ | #shorts #telugushorts,2025-01-04T04:29:58Z,686443,0,139
GWBb79Ax4m4,S*X | Masturbation | Crime -  Teaser | #shorts #telugushorts #trending  #telugupodcast,2025-01-03T16:38:46Z,63105,0,12
DiQ6OmXsWWQ,ğŸ“ŒDONâ€™T MISS THISSS!! Ft. Psychiatrist Dr.Virinchi|Telugu Podcast| Raw Talks With VK EP74,2025-01-03T15:21:50Z,1123089,35496,1412
wPDizk79V_I,ğŸ‘€Yepudaina Vinnara??,2025-01-01T14:20:26Z,400578,0,14
1MraLWIems8,Aasthi lolli luâ€¦!ğŸ˜§| #shorts #telugushorts,2024-12-31T14:35:26Z,95966,3295,7
pv8EDZ-qgwM,ğŸ˜§ğŸ˜§Marchukundam Boss! HIGH TIMEâ€¼ï¸,2024-12-31T13:38:28Z,422101,22455,39
qITfshshQEM,Plans ainayaaa?ğŸ˜œ | #shorts #telugushorts,2024-12-29T16:19:12Z,120359,0,6
nmdZNFSQjbI,ğŸ˜§ğŸ˜§Paamu Kaatlu chala untunde... | #shorts #telugushorts,2024-12-29T12:56:00Z,526297,0,75
iVwxW8-csos,Atla ModhalayyediiiğŸ˜œ  | #shorts #telugushorts,2024-12-29T05:11:46Z,60610,0,8
hMAcWm_40w8,ğŸ™ğŸ™Meeru Kuda Plan Cheyandiiiiâ€¦!  | #shorts #telugushorts,2024-12-28T14:19:14Z,117998,0,15
N7LWlTEm-CI,ğŸ˜‚ğŸ˜‚Men Will Be Men!! |  #shorts #telugushorts,2024-12-28T06:30:29Z,937496,0,109
Aeq7jxPP-Fo,ğŸ˜ŸMEERU EMANTARUâ‰ï¸ | #shorts #telugushorts,2024-12-28T02:53:19Z,377710,16729,68
UHPlMkFtIgI,The Business of DEATHâ€¼ï¸| #teaser #shorts #telugushorts,2024-12-27T17:34:15Z,268146,15909,47
4cfhcFl8Kxs,DONâ€™T WATCH IT ALONE | Dr. Pavan Mamidi | Telugu Podcast Raw Talks With VK Ep - 73,2024-12-27T17:15:46Z,1343494,23367,1321
auDDN-A0Yj0,â€¼ï¸ğŸ™ŒğŸ»Vaadi Mindset Maarindi | #shorts #telugupodcast,2024-12-25T13:22:08Z,1135762,0,143
AYVpZ0AjlJ0,Superstar Krishna Garini Cure chesa | #telugushorts #shorts,2024-12-24T15:25:42Z,348588,17915,29
zY54In72_q0,Buddhi Bhag Rahi HaiğŸ˜…â€¼ï¸| #telugushorts #telugupodcast,2024-12-23T13:43:14Z,1033040,39633,97
YRlxB-tPqIs,ğŸ¥¹Donâ€™t miss the end..!,2024-12-22T14:37:55Z,132113,0,8
dlBi5RxCPKQ,ğŸ¤”ğŸ™„CM Garu Avasaram aa Clinic Opening Ki? | #telugushorts #podcast,2024-12-22T04:29:04Z,252081,13927,24
Es0mudNWEnM,Reject Chesthe Assalu Nacchadhu!!!! | #telugushorts #podcast,2024-12-21T15:44:53Z,187985,12004,39
vUT7679p1kw,ğŸ‘€Podcast Ochindiiii Chusaraaa???,2024-12-21T03:09:00Z,328990,0,58
a5uxy65w230,â€¼ï¸GOOSEBUMPS PAKKA!!,2024-12-20T19:49:13Z,841566,0,186
rnKCkIbMRhw,ğŸ”¥ğŸ”¥NEVER BEFOREâ€¦ GOOSEBUMPS PAKKAğŸ‘€!!! Dr. Srikant Morlawar | Raw Talks Telugu Podcast Ep - 72,2024-12-20T19:38:59Z,577320,12385,750
Jca0-KKMM3k,Adhiii Mariiii | #shorts #telugushorts,2024-12-16T12:50:08Z,261662,0,17
-DaWF7QVJgM,ğŸ˜¢Sugar taggiddam boss!!,2024-12-12T16:42:16Z,383052,0,49
QxAKI66I-aM,ğŸ›‘Letâ€™s STOP thissss!!,2024-12-11T13:55:34Z,192503,0,28
6tlm2PNYQJ4,ğŸ˜Ah Narakam Vallake Telusu!!,2024-12-10T13:32:08Z,1224987,57298,287
Nc01S0v0Rng,â€¼ï¸DONâ€™T DO THIS,2024-12-09T14:37:10Z,407273,0,21
jDESHt4px9U,â€¼ï¸Must Watch kaadu Must Followwww!,2024-12-08T16:49:25Z,299830,0,26
Jw1t2wDX_QY,Reason adi..ğŸ˜…ğŸ˜…,2024-12-08T03:43:53Z,295464,0,26
t9E55__XMZ4,ğŸ˜‚ğŸ˜‚Adi Sangathi,2024-12-07T13:50:29Z,139358,6402,16
9Yfwz2IxB_Q,Watch It Nowwww| #teaser | Raw Talks Ep - 71,2024-12-06T15:41:12Z,121997,4372,18
VAEWEHIoTFo,"Eye Doctor on Myths & Facts, Organ Donation, Lens Lekeage & more| Raw Talks Telugu Podcast Ep - 71",2024-12-06T14:50:28Z,569715,14683,770
WEJJUBP_Eyo,Much NeededğŸ¥¹,2024-12-05T14:34:49Z,432374,0,54
EhuklVUOr3Q,Bamma Maata Bangaru Baata,2024-12-04T16:19:19Z,118085,5997,8
ckUru1PCQkY,Donâ€™t MISSSğŸ”¥ğŸ”¥ğŸ”¥,2024-12-03T14:19:09Z,223984,12779,19
vSG21tONqv4,ğŸ˜‚Julayi Bus Scene,2024-12-02T15:02:24Z,152329,0,13
yybJ3atENkU,ğŸ˜…ğŸ˜…Elephant tho scene!!,2024-12-01T13:05:43Z,3939339,0,418
MrModrNlTG8,ğŸ¥ºğŸ¥ºMore Power to you Sir| #shorts,2024-11-30T14:41:16Z,1510815,0,282
HTzfNlOaqOQ,Dr. Rajendra Prasad on Raw Talks #shorts #teaser,2024-11-29T17:11:16Z,420425,32376,79
JL1jzXVpezE,"Raw & Real Ft. Dr. Rajendar Prasad on Telugu Cinema, NTR Garu & More| Telugu CinemaPodcast Ep-70",2024-11-29T15:33:56Z,2566541,59731,1901
CUdzpZNog1Y,ğŸ‘€ğŸ‘€2 years pattinda???,2024-11-27T15:40:37Z,228554,0,12
fdXK9IUkSeM,ğŸ¥¹ğŸ§¿Dhisthti Tagaladdu,2024-11-26T15:02:56Z,708946,0,130
9rOCUlELhiI,ğŸ¥ºTelusuga yevariki Share Cheyalooo.!!!,2024-11-24T14:52:41Z,614879,0,114
Iaa5tn7HKfc,Telusaaa??ğŸ˜œ,2024-11-23T15:37:42Z,304013,0,16
4Fuog_VYReE,Hope Iâ€™m doing thatğŸ˜…ğŸ˜œ,2024-11-20T14:49:27Z,191420,0,51
Hm1rnub0o5Y,High Time andii..!ğŸ˜ŸğŸ˜Ÿ,2024-11-19T13:28:55Z,523058,0,99
uDrY3ho31F0,ğŸ¥¹ğŸ¥¹Ah maata inka vinapadtundi..!,2024-11-17T13:26:16Z,328897,0,59
Q9BUiF6HVr8,â¤ï¸Hospital Story!! RachağŸ˜…,2024-11-17T03:32:43Z,438462,0,83
vdQsTcR6lfI,ğŸ¥¹ğŸ¥¹ğŸ¥¹,2024-11-16T13:25:29Z,395424,0,133
LFujNyGXGZ8,ğŸ¥¹ğŸ«¶ğŸ»â¤ï¸ Amma tho Raw Talks,2024-11-16T02:39:07Z,1030076,59695,316
bHi0HkMq6pA,ğŸ¥¹ğŸ¥¹MOST SPECIAL Episode on Raw Talks | Ft. Manjula Kurapati | MomğŸ«¶ğŸ» | Telugu Podcast,2024-11-15T17:06:13Z,2351980,57068,2230
M1s_nfcJ2s0,Indian Women Emotional Andiâ¤ï¸âœ¨,2024-11-14T14:12:32Z,179844,12593,66
cjYPDnnJXhw,Donâ€™t miss the ENDDDğŸ˜‚ğŸ˜œ,2024-11-13T16:03:23Z,430160,0,113
g3msFgTBJjg,Best PartğŸ”¥ğŸ”¥ğŸ”¥,2024-11-12T12:50:11Z,540196,0,128
OEgdptB5I3w,Keep supportingg! Gattiga kotteddammâ¤ï¸,2024-11-11T18:24:14Z,127970,0,58
aQExaL7M3tQ,ğŸ¤¯Tricksssss!!,2024-11-11T14:21:54Z,1262303,0,211
VE8ZqTFbqpI,Wait for the climaxğŸ˜‚ğŸ˜‚,2024-11-11T07:09:37Z,2054440,0,122
C9eA8SXcV-Y,KLM Mall Lights storyğŸ˜…,2024-11-10T13:41:46Z,2553665,0,312
QYbhkBjobOE,Adavala KosamğŸ˜…ğŸ˜‚ | #shorts #telugu,2024-11-09T15:07:27Z,3375577,0,523
16xB9egDDx4,ğŸ”¥ğŸ”¥Teaser - Kalamandir Founder on Raw Talks!,2024-11-09T04:03:41Z,2160860,111400,265
CkHbilDbahU,ğŸ˜…ğŸ˜…ğŸ˜œYevaro Ardham ainda???,2024-11-09T02:35:00Z,672914,37554,83
s-jbL-3jupA,ğŸ”¥ğŸ”¥YOU CAN'T AFFORD TO MISS |Idhi Yaaparam| Ft.Prasad Chalavadi| Founder - Kalamandir| Telugu Podcast,2024-11-08T18:22:07Z,2581979,54675,2521
mPAEWT-eRtQ,Dhourbhagyulu andi | #shorts #telugu,2024-11-07T14:30:50Z,217589,0,76
xi9YLPK-5s0,ğŸ¤”Logic Eh Antara??? | #shorts #telugu,2024-11-06T15:37:29Z,2612044,0,826
Yita_Inmpsg,40 days lo nağŸ¤¯ğŸ¤¯ | #shorts,2024-11-05T12:54:42Z,687843,0,66
G_ITf7gnGJA,Ala modhalaindi antaaağŸ˜…ğŸ˜€,2024-11-04T16:07:40Z,512689,38134,72
LrW9PZRhbRw,ğŸ¥¹ğŸ¥¹Everyone needs to see this!!,2024-11-03T14:12:36Z,808034,63125,166
VH5Sl7fvm-A,Van StoryğŸ˜…ğŸ¥¹,2024-11-03T02:31:00Z,3210524,0,322
y7FhM3-6o0w,ğŸ«¡ğŸ«¡,2024-11-02T14:45:33Z,4094995,257932,1629
zr7X0yb8yhk,ğŸ˜ğŸ˜Ambica Krishna garu on Raw Talks,2024-11-02T03:47:00Z,439783,25161,35
VmSadVrhzEg,Guess The Guest????| #shorts #telugushorts,2024-11-01T16:21:51Z,238528,0,34
g9sW74i7ZOY,Only Rs. 25/- tho Company Start Aindi | Telugu Business Podcast | Raw Talks With VK| Ep - 67,2024-11-01T15:48:42Z,1127663,21134,735
Iyt9PDPuTGA,OTT ELA MONEY GENERATE CHESTADII?? | #shorts,2024-10-30T14:40:56Z,250568,0,25
Qe60xCYip-U,Insane Energy ğŸ’¥ @NasDaily | #shorts,2024-10-29T14:28:07Z,311092,0,446
D-ui9MUzieo,Ee Movie Chusaraa?ğŸ˜…ğŸ˜…,2024-10-28T13:20:27Z,1264335,0,33
AeU2VRwEwiQ,Projector room stuntsğŸ˜‚ğŸ˜‚,2024-10-27T15:27:37Z,171828,6408,8
jsx7gsc-rKo,2000 crores Lekka!!!ğŸ˜…,2024-10-26T16:25:08Z,1225883,0,167
IRY8y8P82VQ,Interesting ğŸ¤¯,2024-10-26T14:10:32Z,475829,0,45
R63l-povsVY,Shobu Yarlagadda on Raw TalksğŸ™ŒğŸ»,2024-10-26T03:47:31Z,331214,0,34
1m4_9waDT7E,"Day 1 was a Flop anta ğŸ¤¯| Telugu Movie Podcast |Tollywood, Bahubali & more| Raw Talks With VK Ep -66",2024-10-25T18:00:25Z,891109,13929,909
Af1Jx66Ve4k,VinandayyağŸ˜… Vini NerchukundamğŸ‘€,2024-10-24T16:35:09Z,431922,0,109
deCQNijaeLc,Best ADVISEğŸ«¶ğŸ»â¤ï¸ğŸ¥¹,2024-10-24T13:32:07Z,255243,0,39
z93wZbyQnAE,ğŸ¤¯ğŸ¤¯Donâ€™t ignoreee,2024-10-23T15:31:55Z,470494,0,66
rPFd4TTiWrk,Indian Toilets manchivi kaaduğŸ˜…ğŸ˜… | #shorts,2024-10-22T14:22:34Z,499970,0,83
DKziJ6Q133w,Marchipoleni Case ğŸ¥º | #shorts,2024-10-20T14:02:13Z,1798442,82960,619
_RfSvkRmKPk,à°®à°¾à°¨à°µà°¤à±à°µà°‚ Meeda Virakthi Puttindhi â‰ï¸ | #shorts,2024-10-19T14:30:27Z,1482230,77716,624
3f2dQFKyd1Y,Please Donâ€™t miss thissğŸ™?? | #shorts #teaser,2024-10-18T17:29:47Z,1395239,57623,710
PxeFO0PfN30,Dr. Gurava Reddy on Raw TalksğŸ”¥ğŸ”¥ | ğŸš¨YOU CAN'T MISS THIS ğŸš¨Telugu Podcast Raw Talks Ep - 65,2024-10-18T16:16:21Z,1884564,37730,2695
TdVbw0SAvOQ,Shockingggg IdhiiiğŸ˜± | #shorts,2024-10-18T06:32:01Z,931377,0,285
18JITLhvvoI,Yepudu vinaleduuğŸ‘€ | #shorts #telugu,2024-10-17T15:30:14Z,4140236,161000,1679
guRh9y6p0gw,Mainstream Media is Deadâ‰ï¸ | #shorts #telugu,2024-10-15T15:51:35Z,509960,0,181
k4Tsc22u6Wg,Idi andariki reach avvaliğŸ™,2024-10-14T15:11:08Z,160979,0,56
S3tQTr-1txM,Nammakam potundiii..!ğŸ˜•,2024-10-13T12:37:44Z,608102,0,195
XQcvPdlvcrk,Chethi Gorlu peekesey varantağŸ¥ºğŸ¥ºğŸ¥º,2024-10-12T13:41:35Z,579884,32489,320
aBiZuM8LRLY,Nizam ArachakaluğŸ¥ºğŸ¥º,2024-10-11T17:34:21Z,134543,0,55
6kPsgJHAXA0,You Might Cry WatchingğŸ¥º|Manaki Teliyani History| Ft.Pasham Yadagiri|RawTalks withVK TeluguPodcast 64,2024-10-11T16:30:37Z,1638388,45021,2984
rX_88G3DlMs,Idi vinnaraaaa??ğŸ˜…ğŸ˜…,2024-10-09T15:54:53Z,196709,0,56
_vPT6ywlGLs,DangerğŸš¨ğŸš¨ğŸš¨ GurakağŸ¤¯,2024-10-08T15:15:47Z,270003,0,54
02WKEvQKBgI,Matalu ratleduğŸ¥º,2024-10-07T16:11:53Z,495186,0,69
FB9Uy56R3PU,Hard to believe ğŸ˜…ğŸ‘€ Emantaru??,2024-10-06T12:40:10Z,413939,0,73
d95NjnzUxPA,Shocking CaseğŸ˜³ğŸ˜³ğŸ˜³ | Raw Talks with VK,2024-10-05T13:53:24Z,735188,35953,276
6IIHQWf8SOY,1st Psychiatry Podcast with Dr.Virinchi Sharma| #teaser #shorts,2024-10-04T17:21:53Z,1192530,0,85
md6MWbeLt3c,Itâ€™s Scary ğŸ¤¯|1st Psychiatry Podcast | Dr.Virinchi Sharma |Telugu Podcast | Raw Talks With VK | EP-63,2024-10-04T15:45:55Z,2313366,73287,3555
Q4kV-_pOIe0,KTR about AllegationsğŸš¨#ktr,2024-10-02T15:54:49Z,428867,0,165
Rr_MJUofHJ0,Revenge StoryğŸ˜œğŸ˜‚|#shorts,2024-10-02T14:39:08Z,147280,0,14
aPNekdY-ClI,ğŸ˜…ğŸ˜…à°à°‚à°¤ à°šà°¦à°¿à°µà°¾à°°à± à°†à°¯à°¨à°¾ ????? | #shorts,2024-10-01T14:57:10Z,898975,41892,72
Rsa2-2NYD4k,Bayalderandi Bayalderandiiiâ€¦! Full Podcast Chuseyandii... | #shorts,2024-09-30T13:43:08Z,995097,48553,64
DP_yayFtllg,Must watch Story of RamrajğŸ”¥ğŸ¥¹,2024-09-29T14:28:52Z,1050918,0,46
h0Oejio22cE,Donâ€™t miss this EpisodeeğŸ«¶ğŸ»,2024-09-29T06:06:09Z,588726,0,44
Yh4BMszB2hA,3 Lakh Panchas Everyday Sell Chestaru...| This Podcast is for YOUU...Go Watch NOWWW| #telugu,2024-09-28T16:51:46Z,2121412,93769,85
_HK5Jge3hO4,You Wonâ€™t Believe This!!|  11th Fail to 2000Cr Business|Telugu Business Podcast Ep - 62 |Raw Talks,2024-09-28T16:06:18Z,1024198,27017,815
cVcAVzMLytk,Career Ela Choose Cheskovali???ğŸ§ğŸ¤¨ | #shorts #telugu,2024-09-23T14:01:48Z,399951,16199,12
LIJcr8RZIl4,ğŸ”¥ğŸ”¥Nigeria Story!! Best Part of the Episode.,2024-09-19T15:35:38Z,614793,0,31
vqkfolZuiMg,PentHouse StoryğŸ˜œğŸ˜‚| #shorts,2024-09-18T16:15:42Z,400865,0,30
d3mC0oDT93E,P2 - EE STORY MISS AVVADDU,2024-09-17T15:56:18Z,626915,0,48
tsTFkfN1DS8,P1 - EE STORY MISS AVVADDU,2024-09-17T15:55:54Z,289187,0,26
HTe-JfzlN84,Meeru Agree Chestara???| #shorts,2024-09-16T14:27:34Z,134965,7074,22
by4cmH2TN4A,Please share this as much as possible ğŸ¥º,2024-09-15T15:08:38Z,176533,0,21
4DBNCTplWXM,Must Watch | Raw Talks Teaser 61| #telugushorts #teaser #startup,2024-09-15T06:42:09Z,118753,5128,9
Lj10t7OkYN8,ğŸ¤¯ğŸ¤¯ Pent House Nundi 8k Crores Startup|Telugu Business Podcast| RawTalks withVK Ep-61,2024-09-14T12:17:24Z,993728,17315,656
hfp_s-WCgXg,BTS of Indian Cricket TeamğŸ˜| #sports #shorts,2024-09-05T16:00:58Z,196394,0,17
QNKl5sxKY7U,Virat Kohli Fans AssembleğŸ˜…ğŸ˜œ | #shorts,2024-09-03T14:17:50Z,314997,0,55
DeZDPVo5Kgc,Rohit Sharma fans assembleğŸ˜‚ğŸ˜œ,2024-09-02T14:21:01Z,430306,0,119
btc_oe5Hwpc,Do they deserve such hate???ğŸ¥º| #shorts,2024-09-01T12:15:06Z,346748,0,47
J-iomgtnSwM,Man Behind The Winning Catch | T. Dilip Indian Fielding Coach | #shorts #telugu,2024-08-31T14:00:13Z,650961,39101,49
Jcd5m02hPBo,"He Trains Kohli, Rohit, Jadeja & SKY |1st Sports Podcast Ft. T. Dilip| RawTalks Telugu PodcastEp-60",2024-08-31T13:06:07Z,925544,28664,733
Nw0_M4XI3fQ,ğŸ˜œGuess the Guest Raw Talks 60! #indiancricketteam,2024-08-30T15:44:31Z,470191,0,314
8QRb0aimmFU,Youngsters Kosame Idhi Adviseâ€¼ï¸Gurtupetkondi | #shorts #telugu,2024-08-26T15:00:48Z,107766,0,49
7iCpDZshsBc,Concert Business Ela Nadustadi...!!!! | #shorts,2024-08-21T15:53:08Z,297383,0,9
W5P3u3MZG7s,ğŸ¤¯OMG!! Indian Military ki kuda BABA unnara?ğŸ˜…ğŸ˜…,2024-08-20T15:20:37Z,260626,0,33
b8etAmGoPwI,ğŸ«¡Ikkada manaki prathi daniki complaint ehğŸ¥º,2024-08-19T12:20:55Z,1318899,0,132
52s9WMnC56c,Indian ArmyğŸ‡®ğŸ‡³ğŸ«¡ Canâ€™t even Imagine the painğŸ¥º,2024-08-18T14:00:08Z,828350,0,39
MjtKLWa2wL4,The way he toldğŸ«¶ğŸ»ğŸ¥º#indianarmy,2024-08-17T15:38:14Z,846072,0,74
nWlsXkWr0ik,Donâ€™t miss the end #army,2024-08-16T16:22:08Z,1476655,0,207
keX6Tq8PFIM,ğŸ¥ºNaku aithe champa meeda slap padinattu undiğŸ™,2024-08-15T06:37:07Z,256869,0,32
2agC85pPlgs,Okka inch land kuda vadalaru Army vallu! | #shorts #telugupodcast,2024-08-15T03:30:02Z,763306,0,65
Whtyzhh8lfk,FIRST ARMY PODCAST ON RAW TALKS |Ft. Col Ajay Reddy| KARGIL|PAK & CHINA| Telugu Podcast Ep -59,2024-08-14T18:08:12Z,2413767,74242,1975
5X7EZv-oio4,Hair Transplant Gurinchi Vinnaraa??? | #shorts #telugu,2024-08-08T13:31:07Z,286834,11953,17
H39BazX-6j4,Cheppakapothe Manaki Etla Thelusthadhi?ğŸ™ƒ | #shorts,2024-08-06T14:05:30Z,145709,9054,41
7QoJUmf6E5U,Meeru Tax Kadtara?? or Enduku Nenu Idhi Telisokavli  | #shorts #telugu,2024-08-05T14:59:25Z,189525,10781,70
hTDMJ_QrSDk,Okadi pranam kante inkokadi pranam yekkuva yela avthadi?? | #shorts,2024-08-04T12:37:15Z,450336,35953,736
QuuVX_dzQ9Q,Government Ivi Endku Cheppadhu Manaki??? | #teaser #shorts,2024-08-03T16:04:20Z,625578,40143,87
QlUmUlpRqCs,CONTROVERSIAL â€¼ï¸âš ï¸ BUT AVASARAM | Raw Talks with VK | Telugu Podcast Ep-58,2024-08-03T13:07:48Z,882671,20587,989
P8QH28_6lFo,"Comment cheyandi, Inkevaru gurtostunnaru transformation ante???ğŸ˜…ğŸ™ƒğŸ˜¶â€ğŸŒ«ï¸| #shorts",2024-07-30T15:51:44Z,752439,0,59
2rYfLz0dVgI,Jagrathaaa ğŸ¤¯ DONâ€™T MISS ITğŸ˜•,2024-07-29T14:57:38Z,571839,27110,124
kTxf9vOu7OY,Please! Letâ€™s STOP thisğŸ¥º,2024-07-28T14:28:18Z,511577,19717,68
jtKjvxS9K2Y,Mogudi Harassment thattukoleka VaginoplastyğŸ¥º | #telugu #shorts,2024-07-27T17:43:52Z,557205,20632,204
yJ3MbTg7uTk,Celebrities Surgeon on Raw Talks With VK | Telugu Podcast EP-57,2024-07-27T15:50:08Z,1866126,31824,1408
Xsx9AwnNY10,Ivvi Kada Wondersâ‰ï¸ | #shorts,2024-07-24T15:37:09Z,1098544,98153,281
JL7NBTUNRM0,What If ??? We've been looking at the History through the wrong lens? | #shorts,2024-07-24T04:28:03Z,1336465,101415,359
eIXbMGASfWo,Goosebumps ğŸ¤¯ğŸ¤¯,2024-07-22T15:54:54Z,1738189,136347,1030
kewwooUcwt8,ğŸ¤¯Facts That We Must Know!! | #shorts,2024-07-21T14:27:13Z,419751,0,167
5BESqA4GoJ4,"Every Indian Should Know | Why God, Why Temples? | #shorts",2024-07-20T13:36:39Z,1644042,139076,949
7QNI51lFjlw,Manaku Telisina Charithra ThappuğŸ¤¯|Ancient Indian History| Telugu Podcast @themadangupta  RawTalkEP56,2024-07-20T12:31:18Z,4353750,133832,6837
BoeY8GZuepw,Learn To Giveee! #shorts,2024-07-17T15:10:07Z,163555,0,37
LnZSLRrNuvk,Annamayya Keerthanalu vinnaraa? | #shorts,2024-07-16T14:39:09Z,289231,27145,101
PSCnZBDpLeg,5000 sarlu paaki cheyadam gurinchi??ğŸ¥ºğŸ¥º,2024-07-14T14:07:17Z,313799,25200,127
hpqemuGSWFU,Lord Krishna Arjunuditho cheppina mataluâ€¦!,2024-07-13T13:27:35Z,615590,0,208
grb3tgZv1LI,Must watchâ€¼ï¸,2024-07-12T13:45:37Z,1029881,82500,263
fSWNW_XxMEQ,Are fake gurus fueling the trend? | Is Faith Dead in Modern Times?  | #shorts,2024-07-11T16:00:39Z,166926,11838,31
aLi70IipVVA,Ft Chilkur Rangarajan Swamy|Naasthikulu Yenduku Perugutunnaru? Temple ||Raw Talks Ep55|TeluguPodcast,2024-07-11T15:36:40Z,2160063,48577,3296
lX-FWmyX_Gk,Ivvi Transport Ki Kuda Saripovuu | #shorts #telugu,2024-07-08T13:13:00Z,4481572,239032,103
f-SsIMij0_o,Best Advice Received so far...Rahul Sipligunj | #shorts,2024-07-03T13:38:18Z,372404,17170,67
gH669kReHmc,Fame Kosam Manchi Manchollu Sachipotharu... | #shorts,2024-07-02T13:27:29Z,735710,42955,64
qaqdnxqLdHM,Time Vosthe Anni AapeyaliğŸ™ƒğŸ™‚| #shorts,2024-06-30T13:54:12Z,1257378,56685,102
HhuK2yzXLQM,The Raw Side of Rahul Sipligunj | #shorts #teaser,2024-06-28T17:02:42Z,225324,11670,22
owtzwLlJuAU,"Unfiltered & Raw @Rahulsipligunj |Oscar, Industry, Friends & Negativity|RawTalks TeluguPodcast Ep-54",2024-06-28T14:43:15Z,1154071,20618,658
q9jjXaxqlmg,Haha!! Glass mates assemble ğŸ˜œ | #shorts,2024-06-26T15:29:06Z,592862,37515,78
IDBvTxy_GLQ,Adi Nijagane Encrypted Aa? | #shorts,2024-06-24T13:13:45Z,304137,12270,31
Fw5xTPlFb8c,Red Flags in Cyber Crime | Don't Be a Victim | #shorts #telugu,2024-06-23T15:15:01Z,113130,6103,22
43kpDkI8Kp4,D@RK WEB lo intha avthadağŸ¥º,2024-06-22T15:25:35Z,258241,0,26
tOuhnM8zDXY,CYBER SECURITY EXPERT Mr. Murli Master on Raw Talks | #teaser,2024-06-21T14:00:47Z,516488,25244,27
QwObYNtPTSc,"Cyber Frauds That Can Happen to YOU |Don't Be a Victim of Cyber Crime, Hacking..|TeluguPodcast Ep-53",2024-06-21T13:32:48Z,885166,17932,650
KxXk--Z3G9A,Are you liking current ads?,2024-06-19T14:44:30Z,333823,19633,44
DH3tVZEE_tA,Ee story vinnaraa??ğŸ˜‚,2024-06-18T14:18:10Z,1387212,103309,137
AyFQl4f4xDU,Share it with a friend who must watch this podcast | #shorts,2024-06-17T13:29:54Z,2519903,196504,303
ipovoJyvjdg,Ads Lo Exaggeration... | #short #telugu,2024-06-16T14:23:13Z,272909,16151,17
4VqUhNnyBR4,Are we falling victim to clever marketing strategies...| #shorts,2024-06-15T14:47:30Z,1450587,66970,83
JK1saNHg-3A,How Parle-G Became India's Favorite Biscuit? | Mistakes to avoid in Ads | #shorts #teaser,2024-06-14T14:47:14Z,335758,16359,26
pF_BQpHaIdU,"Genius Behind Parle-G, Melody, Kismi, Monaco, Kaccha MangoBite, Krackjack & more| TeluguPodcastEP-52",2024-06-14T13:20:50Z,744072,16900,477
ccJlhKmwrwk,Meet The CREW! |#shorts #telugu,2024-06-12T11:30:20Z,285196,11403,52
sL7s_HCp268,What do you think? | #shorts #telugu,2024-06-10T13:37:42Z,683905,33312,125
qe8l3ejji8w,India lo caste and religion lolli pothadi antara???? | #shorts #telugupodcast,2024-06-07T14:13:06Z,157294,7413,79
XQW2-y62_gI,"What Next for AP? | 2024 Election, Polovaram project, Special Status, BRS & more | RawTalks #teaser",2024-06-06T16:44:14Z,319146,13278,258
RmKZJ8cLPfA,Must Watch Podcast| @JPLoksattaOfficial Election2024 |YSJagan | RawTalks with VK Telugu Podcast EP51,2024-06-06T16:04:07Z,1351423,21748,2252
sK3JoNecxik,Thumbnails valla mosapovadam anavayithiğŸ˜‚ğŸ˜‚ emantaruu? | #shorts #telugu,2024-05-30T11:30:21Z,125694,7001,16
xVSuNgJ-Q7k,NETWORK! NETWORK! NETWORK! | #telugu #shorts,2024-05-29T04:40:54Z,307350,16897,36
hxVh9QZvCC0,Choose Your Career Wisely | Scaler,2024-05-25T13:17:17Z,234354,0,14
xYjI0ES84Qs,Have You Watched This Podcast | #telugu #shorts,2024-05-20T14:35:23Z,1605575,107011,116
fdgNDTGRGdw,Athanu Lekapothe Ayyedi KaduğŸ’¯,2024-05-18T12:53:11Z,361540,0,78
PrDXyHwtHBA,Will Kalki be bigger than Bahubali? What do you feel? | #shorts,2024-05-11T11:30:11Z,253148,20530,37
ZUR8qz644yY,Youngsters Thappakunda Choodandi...!,2024-05-09T15:12:15Z,1142599,90242,270
SVUgCkw36fA,Meeru Entamandi Inka PKL #kabaddi  Follow Avtunaru??? | #telugu #shorts,2024-05-07T14:17:02Z,144682,9797,11
gZtIZ1iKC0Q,"The MAN whose films are not just stories, but experiences! | #telugu #shorts",2024-05-06T12:30:33Z,500826,31553,58
m8KSSJ8TDgs,Apudu Kidney Baney Undindi antağŸ˜…,2024-05-05T14:06:15Z,273222,0,15
pV_NO8bYGqc,Mahesh babu ala telusa vallakiğŸ¤”ğŸ™€,2024-05-05T03:43:59Z,1153150,0,139
X24zg7S2VPo,"AI replacing work in movies, Influencers in Movies & more| Raw Talks Podcast -50 #telugu #teaser",2024-05-04T13:30:14Z,253098,0,39
IDzfs62WnD8,"Rana Daggubati on Kalki,S.S Rajamouli & Why 80% movies flop?| RawTalks With VK| Telugu Podcast EP-50",2024-05-04T12:43:56Z,2288161,39048,1300
eCSR5c7Q6lc,Biyyam rate à°…à°ªà±à°ªà°Ÿà°¿à°¨à±à°‚à°šà°¿ 2 rupees a na? | #telugu #shorts,2024-04-30T13:00:59Z,2724696,136073,514
HWeDH9Q4JRA,Kids Ki Ela Nerpinchaali... | #telugu #shorts,2024-04-29T13:53:57Z,3960619,211554,971
Vx1gE_YbrJU,Do YOU Agree With Him? | #telugu #shorts,2024-04-28T14:02:31Z,966099,49954,1060
eziA-ved7Ds,"RawTalks With KTR on 2024 Elections, Telangana Unemployment, State Revenue & more | #teaser #telugu",2024-04-27T17:20:44Z,2774263,143767,1283
XZqK-I-kc-Y,"Will KCR become CM again?| Liquor Scam, Kaleshwaram Projecton RawTalks With VK Ep-49| Telugu Podcast",2024-04-27T16:40:10Z,2401578,49879,3520
VbyuFBraZXY,49th Special anamataa! Subscribe nowğŸ˜…ğŸ˜…,2024-04-27T03:34:50Z,659708,0,344
iQJHG0F75kA,Would YOU Insure Your Body Parts? | #telugu #shorts,2024-04-25T12:30:25Z,308311,15269,33
KrcAl5po5L4,Unemployed Friends Ki Share Cheyandi | #telugu #shorts,2024-04-25T04:30:14Z,289445,11609,49
os-UnFSI6q8,Insurance Tesukoni Walla Kosm Ee Video |  #telugu #shorts,2024-04-23T13:31:22Z,632564,31245,38
352dl__qvWU,Documents Chadavakunda Sign Cheyakandi... | #telugu #shorts,2024-04-22T13:26:21Z,310543,18366,13
PJgjNTis5HY,Uthama Manavadi Case | #telugu #telugupodcast,2024-04-21T12:30:12Z,187419,0,9
Nj7zX1SE44w,Nithin Kamath Funded these 25 year olds...| #telugu,2024-04-20T14:11:30Z,1117049,45198,67
pxnTz_SDKTU,Okka Ball Kuda Veyyakunda 14crores ahğŸ˜…..| #telugu #shorts,2024-04-19T12:49:57Z,286699,14987,31
N4wNLaAuRR0,Reality of Indian HealthCare Insurance Industry!!! | #teaser #telugu #shorts,2024-04-19T04:30:12Z,193458,10550,48
XTFq6C50qcs,"Do You Really Need Insurance?|Fake Deaths, Murder Scams, Hospital Frauds in India | #teaser",2024-04-18T14:03:52Z,1785404,68766,44
6MKVRwItAog,ğŸ˜³ ğŸ˜‘ This Left me Speechless | Health Insurance in India by Mr. Bhanu Gurram Telugu Podcast Ep-48,2024-04-18T13:31:14Z,758445,12252,791
strolcgHA2s,Do you agree with him??,2024-04-13T15:16:07Z,240675,0,137
2nyhNGKZ23U,Meeku Telisina Mahilalu andaritho...Share Cheyandi | #shorts #telugu,2024-04-12T14:03:28Z,1168373,47331,182
G2IFTK4EW84,Share With Your Loved Ones NOW! | #telugu #shorts,2024-04-10T14:10:18Z,4056894,168591,716
M3ofIVGaqeo,Meeru Em Antaru? | #telugupodcast #telugu #shorts,2024-04-08T14:09:26Z,6065829,218513,66
5opFIiSBpCI,Mangalavaram ki Ranku kadtharuuğŸ˜…ğŸ˜…| #pregnancy #shorts #telugu,2024-04-07T13:29:04Z,1157197,34384,131
68QS3p7UGMU,Stem Cells gurinchi vinnara???ğŸ™€ğŸ™€,2024-04-07T04:03:22Z,1037935,0,221
W6fNZrdyJ40,Most DANGEROUS PhaseğŸ¥ºğŸ¥ºğŸ¥º,2024-04-06T13:19:45Z,1217281,40427,149
UFdjR2Qfxx8,Evariki share cheyalo telusu kada?,2024-04-06T02:57:16Z,1249567,0,155
ZY-WETwl2V8,Live Together Ani Chepali...NerpichaliğŸ˜…ğŸ˜‚| #shorts #telugu,2024-04-05T13:00:51Z,2416707,69615,184
2zJpEQJfn64,"Mast*rb*ion, S*x Life, P**n, Pregnancy| RawTalks Telugu Healthcare Podcast | #teaser #shorts #telugu",2024-04-04T14:44:28Z,935588,27566,100
7lTbkJk_QJY,"@drkshilpireddy on Masturbation, S*x Life, P**n, Infertility & more | Telugu Podcast Raw Talks Ep-47",2024-04-04T14:19:21Z,3310227,77668,3520
muA-hqS38I0,Idhi Evarini Udeshinchi Kadhu.| Raw Talks with VK | #telugu #shorts,2024-04-03T11:30:32Z,379609,14947,34
Ei3Oi0zbCX4,Ma Thought Process Akada Varaku Untadi...| Raw Talks with VK | #telugu #shorts,2024-04-02T13:43:34Z,4648757,188375,635
UoWwpsamxFs,You got me Right...| Raw Talks with VK | #telugu #shorts,2024-04-01T14:00:18Z,507573,20181,43
GSKarWNEQM4,Why will I NOT Choose Virat Kohli | Raw Talks with VK | #telugu #shorts,2024-03-31T11:30:10Z,2217437,116761,295
5G3omG3raxU,Inni brands ki owner okkade!!,2024-03-30T12:52:35Z,228685,0,19
ULdB_6mVSHA,Ee Industry ki Gunda mana AkkağŸ˜œ,2024-03-30T04:32:14Z,1491612,0,346
fhFH_7muEKY,Midhula Devabaktuni on Raw Talks | #teaser #telugupodcast #shorts,2024-03-29T15:45:34Z,323341,0,22
F10_ZLC_oTM,She Runs a 250 Crores Business| Import & Export| US marketing Strategies|Raw Talks Telugu Podcast-46,2024-03-29T14:36:40Z,1619282,29441,1542
dxKHL55W_kk,Em Kawali Neeku???...| #telugushort #shorts,2024-03-21T13:13:12Z,146765,10016,24
ra1__kEJMVo,CM Jaganâ€™s Plan? Gudivada Amarnath on Raw Talks | Telugu Business Podcast,2024-03-16T12:45:07Z,582872,13589,3597
ky5WAJn6Pxo,Reality Shows Lo RealityğŸ¤«| #shorts #telugupodcast #telugu,2024-03-10T11:30:17Z,2557754,127234,116
DGROZw9T9bE,You Will Run Out Of Business | #telugushort #shorts #trending,2024-03-09T11:30:05Z,122518,6401,25
8ooXq3iGsEQ,About GaamiğŸ”¥| Vishwaksen,2024-03-08T13:29:06Z,170489,0,29
oTyiqIcAIvA,WHAT IS THIS...| #shorts #telugu #trending,2024-03-07T12:54:01Z,2526040,142926,1782
j_LUXbKqmpg,Asal Enduku Allot Cheyali...?| #shorts #telugu #trending,2024-03-06T11:30:30Z,914219,65975,205
PzdBHy4XK4g,Comment down guysss!!,2024-03-06T04:36:53Z,158043,0,2200
wvIM0AWHOUw,Chala Tamasha Case Adhi ğŸ˜…| #shorts #telugu #trending,2024-03-05T11:30:20Z,1389224,62770,180
xNUhalzwomg,Every Common Man Must Know ThisğŸ™ŒğŸ»| #shorts #telugu #trending,2024-03-04T11:30:25Z,634897,39471,87
l0ipsJGW8r0,Chhatrapati Shivaji ğŸ”¥Dharma Ghanta | #shorts #telugu #trending,2024-03-03T05:00:01Z,2971113,184944,811
oYt6KleXm3s,JD Lakshmi Narayana on Raw Talks | Podcast - 44 | #teaser |#telugushort #shorts,2024-03-02T14:57:11Z,237540,9553,37
3_sshFBc5fU,Ex-CBI JD Lakshmi Narayana on Raw Talks|High Profile Cases|Polavaram|TeluguPoliticial Podcast| Ep-44,2024-03-02T14:33:35Z,1665842,25091,1643
S6yBpoHeY84,"Born with a Silver Spoon, Will Built an Empire...|Politics in Education| GITAM| #teaser #shorts",2024-03-01T12:30:25Z,127648,4056,26
NA-jzcEbhSw,Elections lo Educationists WIN avadam easy na?! | #shorts  #telugu,2024-02-29T11:30:10Z,279391,10510,39
E-2vfYhcxxY,Politicians Mindset Ante...ğŸ˜… | #shorts  #telugu,2024-02-28T11:30:06Z,252664,9517,92
j7hlVzlQlKk,Well saidğŸ‘ğŸ» Nepo KID about NepotismğŸ˜… | #shorts  #telugu,2024-02-25T12:32:20Z,752539,29309,272
WM5exaOhAuA,"RawTalks Ft.Sribharat, GITAM University President - Politics, DrugHub, Nepotism|Telugu Podcast Ep-43",2024-02-24T13:45:53Z,608088,7239,738
5oK4PNu3GWI,The Thalaiva...| #shorts #telugupodcast #trending,2024-02-22T12:30:02Z,501044,25126,21
NVtASykbLqI,Telugu Lone Matladali...| #shorts #telugupodcast #trending,2024-02-21T12:15:37Z,1660869,64279,82
B_fKEJLx6b8,Paparazzi ki money pay chestaranta ğŸ˜…ğŸ˜…,2024-02-18T13:20:16Z,719954,0,74
nPTKjwqlv_s,South Vs Bollywood Work Culture â€¼ï¸| #shorts #telugupodcast #trending,2024-02-17T13:02:18Z,773860,30731,33
cG3NHGTrq1c,Naku Interviews Lo Istam LedhuğŸ˜… | #shorts #telugupodcast #trending,2024-02-16T11:30:13Z,269764,11212,12
jA6LSS3MhNM,Unfiltered Talks @Priyamani | Tollywood Film Industry | #teaser #shorts | Raw Talks With VK,2024-02-15T14:00:25Z,493538,18790,48
o2uFEdJehEA,South v/s Bollywood Industry|RawTalks Ft.Priyamani |Reality Shows|Paparazzi|Telugu FilmPodcast Ep-42,2024-02-15T13:30:06Z,1092154,15353,601
Zv_nZ5k-B-A,Logic Decides TAM...| #shorts #trending,2024-02-14T14:45:44Z,369076,15225,15
QIhjTdAeO3g,He makes 4500CR+ per year!| Unknown Side of Indian Medical Industry| Raw Talks Medical Podcast -41,2024-02-09T13:30:28Z,207279,4268,341
fL3z1WlCODQ,A Must Watch ğŸ”¥| Raw Talks 1st Medical Industry Podcast | #trending #shorts,2024-02-09T03:30:12Z,111966,6556,65
jolWIBYYHZ0,"1,25,000 Flats Overconstruct Ainaya??? | #telugushort #shorts #trending",2024-02-06T13:00:40Z,1033143,29717,123
iNeMbwmupxU,GundaGardi - Land Acquisition Tactic??? | #telugushort #shorts #trending,2024-02-05T12:30:28Z,110422,4569,14
euL7kzoZaHI,Appu lekapothe yedhagamuâ€¦!,2024-02-04T12:06:44Z,226104,0,75
fdMRj1wIuDw,Revanth Reddy = Real EstateğŸ¤¯ | #telugushort #shorts #trending,2024-02-03T11:21:27Z,195332,8220,20
G7c6nT4k3es,Worst Decision To Make While Buying Land |Real Estate Business in Telangana| #teaser #trending,2024-02-02T13:30:05Z,358528,12837,24
OnAnJgv0AEY,Most Overrated Industry?|Should youngsters invest in real estate???| RawTalks Business Podcast Ep-40,2024-02-02T13:00:30Z,854339,12898,1174
ixTu5SC7nWE,Ee Scam gurinchi vinnara?,2024-02-02T03:06:00Z,234157,0,86
Tpab9sUL890,Main Hero Em Avasaramledhu NakuğŸ˜… | #shorts #trending,2024-01-31T14:25:45Z,203645,11857,9
ttp-lEGUAuY,Tharunnnn - Sainma Marchesendi NakkuğŸ’¯ | #shorts #tending #trend,2024-01-30T11:30:33Z,160501,9241,16
oYUHEgnfstY,TV3x3 : Get out of my StudioğŸ˜…,2024-01-28T12:53:02Z,1451782,0,90
6Gw2bvzuDRM,Thappu Kada RağŸ™ƒ | #trending #shorts,2024-01-27T13:19:54Z,2347738,119483,259
tkT3mmPl9fM,Heroes Getting IrritatedğŸ¤¯ğŸ§ | #trending #shorts,2024-01-26T13:37:45Z,172966,9797,27
rgZBGniKub0,Mass talks on Raw Talks | Vishwak Sen on Tollywood| RawTalks With VK | #teaser #telugushort,2024-01-25T15:30:11Z,224766,13427,26
sVf1xs97yPo,"Hero Vishwak Sen| Donâ€™t Enter Into Tollywood Movie Industry, OTT Releases |RawTalks Telugu Podcast39",2024-01-25T14:26:30Z,1140362,22270,653
UymEJx7rHtU,Whatâ€™s happening ğŸ¥ºğŸ™€,2024-01-21T15:18:27Z,125189,8112,47
J4R9JzLq5jQ,A big shock to my Friend in US,2024-01-20T12:18:11Z,226768,0,38
sd2SqA2tzsk,Why are Companies Laying off Employees?|Colleges Exploiting Students Careers|RawTalksTeluguPodcast38,2024-01-19T13:14:24Z,157011,4020,238
bdiTvrpjmwk,Chai Ante Manishi Ki Kawali...| #telugushorts #trending | Raw Talks With VK,2024-01-10T12:30:31Z,186493,8363,13
EVKZRaiWcjg,ğŸ˜…Mee Goals/ Motivation Enti???| #telugushorts #trending | Raw Talks With VK,2024-01-09T12:30:07Z,180811,11148,9
lzUgAQIWfro,Niloufer Franchise Isthara???| #telugushorts #trending | Raw Talks With VK,2024-01-08T12:30:34Z,263416,14551,18
FrddfG4BXyg,Nilofer Chai VS Home Chai | #telugushorts #trending | Raw Talks With VK,2024-01-07T13:52:05Z,262992,14553,41
rWCO8N0ko4c,Dhandha Etla Cheyali...| #telugushorts #trending | Raw Talks With VK,2024-01-07T03:50:00Z,317720,17509,31
0UZubKRn1NE,Building A PROFITABLE Business In Hyderabad | Cafe Niloufer| Raw Talks With VK| #teaser #telugushort,2024-01-06T12:35:25Z,235186,10657,19
0Fs_Zh4fG3E,"You canâ€™t skip this! |Cleaner to Owner, Cafe Niloufer| Babu Rao |RawTalks Telugu BusinessPodcast -37",2024-01-06T12:30:00Z,1520343,23398,919
qRSSAWqtTiw,Guess The Guest | #shorts #telugushort,2024-01-05T04:37:00Z,101656,7881,106
wiSHXXAKpMo,ğŸ¤¨ Is India Not Ready For Real Business | #telugushort #shorts,2023-12-29T12:30:30Z,244458,12303,139
MtGbpzHGT0E,5 Trillion EconomyğŸ¤¨ğŸ§  | #telugushort #shorts,2023-12-27T12:30:12Z,136908,8100,280
ShbGIeWFBHw,Yuvakula kosamee!! | #telugushort #shorts,2023-12-24T12:30:12Z,193674,10947,218
vp40XJR5Kjk,Biggest Problem that Youth is facing - Nara Lokesh,2023-12-23T13:01:03Z,336882,19988,512
u-CjVvYq62Q,Manam Challenge Cheyyagalam Aa?!  #shorts #telugushort,2023-12-22T12:30:28Z,328265,17821,627
0tCqNlfBp-0,Teaser - Nara Lokesh at Raw Talks With VK | #teaser #telugushort #teaser,2023-12-21T13:40:40Z,361831,18554,304
qvx7_9coF24,@naralokeshofficial on Raw Talks With VK | AP Politics |Startups|Economy | TDP| Telugu Podcast EP-36,2023-12-21T13:30:03Z,1688944,34441,3787
oK_wrtg3Ev0,Ee Company Ki Em Aypoddhi? | #telugushort #shorts,2023-12-19T12:30:34Z,938786,38902,82
adDqL1L8psg,Mantralaku Sambandhinchina Course Pettinaru...|  #telugushort #short,2023-12-16T13:30:03Z,608057,20519,5
7MrwVlXV0YM,"â‚¹60,000 -  â‚¹70,000 Crores = Congress Manifesto |#telugushort #shorts",2023-12-13T12:30:05Z,503323,25637,343
BwiZbZJW9FQ,2 Lakh Jobs??? #shorts #telugushort,2023-12-11T12:30:08Z,170160,9662,69
nyV4oYj9Emk,Revanth Reddy Caught RedHanded |#telugushort #shorts,2023-12-08T12:30:25Z,294895,15184,18
sozlt0eA8aQ,Why BRS Lost Elections?@JPLoksattaOfficial Telangana Politics2023|RawTalks With VK -35 TeluguPodcast,2023-12-07T13:30:32Z,854264,14389,1655
XwVRtabM3No,Meeku vote veseppudu MLA peru and details telsey vesara??? |#telugushort #shorts,2023-12-07T13:30:13Z,797742,32325,179
m0gx87ZObbs,Sacchinattu Accept Cheyyalsindhe ğŸ’ğŸ»â€â™‚ï¸ğŸ’ğŸ» | #telugushort #shorts,2023-12-05T11:30:26Z,211609,7731,17
I_cW2XaBDY8,You Have To Know It!!! | #telugushort #shorts,2023-12-04T14:00:12Z,104084,5779,3
9-a3SQSFCrw,Please STOP It âŒâœ‹ğŸ»  | #telugushort #shorts,2023-12-01T14:00:05Z,126117,8594,25
wTP36rFw9k8,Night out's antha cool kaaduğŸ™‚| #telugushort #shorts,2023-11-28T13:30:30Z,389717,19552,49
bumJGc5_Epw,Recession Effect on India |Whatâ€™s Wrong with Indian Education System| RawTalks Telugu Podcast - 34,2023-11-24T13:22:02Z,164694,4608,383
q5cmI0FKpQQ,Wipro Company In Hyderabad| #telugushort #shorts #internet,2023-11-23T13:30:31Z,237315,9053,69
akBdWmN4BEE,1st Time Reveal Chesthunna | #telugushorts #shorts,2023-11-22T12:30:00Z,159271,11005,50
alTTlksp6_o,Why & How ğŸ‘€ â“| #telugupodcast #telugushort #short,2023-11-21T04:30:00Z,125222,7488,59
bcE3jVvDSOc,3 Books Everyone Must Read | #telugushort #shorts,2023-11-20T12:35:32Z,210930,17543,84
kPNrbz-1_C4,Rapido Ni Acquire Cheyadaniki Try Chesara?? | #telugushort #short #rawtalks,2023-11-19T12:30:31Z,121115,6047,42
X1dqB6gevYk,ISRO lo Salaries Evatledhaâ‰ï¸ğŸ§ | #telugushort #shorts,2023-11-13T12:30:27Z,108260,6110,45
KBV0ZruK0WI,ğŸ˜ğŸ¯1st Time India Lo...| #telugushort #shorts,2023-11-12T12:26:47Z,113505,8611,19
IXNPvstcnLo,EX - ISRO Scientist in Raw Talks |Teaser - 33 with @skyrootaerospaceofficial  | #telugushort #shorts,2023-11-10T14:51:43Z,188245,9855,22
bAM_bSxoOzw,Pawan Chandana @skyrootaerospaceofficial | ISRO | Aliens | Nambi Narayanan |Telugu Podcast -33,2023-11-10T13:43:19Z,367319,7046,397
FgFcX6gfMAo,Assalu Miss AvvakandiğŸ¤©ğŸ˜| Pre - Teaser @skyrootaerospaceofficial | #shorts #telugushort,2023-11-09T12:30:16Z,226750,19506,170
dcz_PfZ_8yM,Nuvu India Ki President Aah??? | #shorts #telugushort,2023-11-07T12:56:09Z,169213,12932,10
vIjDovZS39E,Does Education Create A Major Impact??? |  #telugushort #short,2023-11-04T13:30:31Z,390272,21968,154
eeuvOlWaW38,Raw Talks Teaser With Murali Akunuri Garu | Podcast - 32 | #teaser |#telugushort #shorts,2023-11-03T14:30:21Z,128977,8034,59
nxnP9KvSE_M,Akunuri Murali IAS on Indian Politics | Corruption | Education System | Raw Talks Telugu Podcast -32,2023-11-03T13:12:23Z,290241,5089,544
Mz_DZwL-AIg,Real Estate Vs StartUp Investment | #telugushort #shorts,2023-11-02T04:30:08Z,186337,10931,45
42dDiJ5N548,What Will You Learn From The Podcast 31 | #short #telugushort,2023-11-01T12:30:01Z,103395,7188,35
zHwmFqkTpuo,Investing Journey 2024 in 70minutes with Mohnish Yerra|Investment Banker | RawTalks TeluguPodcast-31,2023-10-27T16:11:23Z,162220,3576,207
egxH2fk5Slg,Rajinikanth Sir Tho Movie Cheyalani Undhi | #shorts #telugushort,2023-10-26T14:00:12Z,374412,20022,38
x4GJtgNLWGM,Nuvvu ticket kuda kanavu!! 2D Film |  #shorts  #telugushort,2023-10-25T13:30:17Z,337414,19458,43
AfLIA7m7Cws,ğŸ˜…Tu Ch*tiy* hai!! Annadu Ante Aipaiiâ€¦ | #telugushort #shorts | Raw Talks with VK,2023-10-21T12:30:08Z,229579,11137,10
EM5b6P4S0bQ,Tharun Bhascker about Suresh Babu | #short #telugushort,2023-10-20T13:30:05Z,564057,37675,12
p0QhneZIklw,Vishwak Sen okkade clarity tho unde!!!,2023-10-19T14:47:15Z,1346786,73001,27
yIOjeABnckQ,1st Ever Time Screen meeda Train chusi,2023-10-18T15:02:55Z,718508,43213,34
NnNIonaZSks,Tharun Bhascker about Rajamouli |#shorts #telugushort | Raw Talks With VK,2023-10-17T15:34:59Z,1783838,75266,120
vvIfX5qyFvI,Pelli Choopulu teeyadaniki motivation ala vachindhi? | #shorts #telugushort,2023-10-16T13:21:33Z,1552874,101498,85
sVrkuvcXyvQ,Perfect point bhayyağŸ™ŒğŸ» | #telugushort #shorts  | Raw Talks with VK,2023-10-15T11:30:19Z,202687,13339,25
-WfHbaedSd4,Howl* M*ndakodk* Ani Tittaduâ€¦ğŸ¤¬ | #telugushort #shorts  | Raw Talks with VK,2023-10-14T14:49:15Z,630940,33956,30
87HzhVlX_Jw,Movie critics ki aah Theeta leduğŸ˜ | #telugushort #shorts  | Raw Talks with VK,2023-10-14T03:30:02Z,241583,14135,27
XC8S4k63eCA,Tharun Bhascker on Fame | Relationships | Keedaa Cola Movie | Raw Talks with VK Telugu Podcast 30,2023-10-13T14:19:48Z,975027,19217,894
ExAIgQzCrn8,IchipadesinduuuğŸ˜‚ | Raw Talks - 30 | #shorts #telugushorts,2023-10-12T12:30:09Z,423106,22915,85
mhwL9m1Lqk8,ğŸ§ğŸ˜Guess The Guest??? | Raw Talks with VK |#shorts #telugushort,2023-10-11T12:13:20Z,104234,4782,122
XQ88LP6ix2A,Vammo Ekadiki Veltundi Idhii...| â˜ğŸ»Click the â–¶ï¸ Button For Full Podcast!| #shorts,2023-10-09T12:30:28Z,133879,7512,56
-MGdzSOLn-g,Nen Annadi Okati - Vallaki Ardham Aindi Okati| â˜ğŸ»Click the â–¶ï¸ Button For Full Podcast!| #shorts,2023-10-07T15:34:24Z,208005,10159,23
DUbf9CO9R-8,ğŸ¤¨Assal Mana Data Safe aah ? | Raw Talks with VK | #shorts #telugushort,2023-10-06T15:29:37Z,180131,10239,28
3V9DawfbaQk,Harsh Reality of Working in MNCs | Indian Education System | Raw Talks Telugu Podcast 29,2023-10-06T14:15:25Z,714095,11456,679
dBa8OyrNuc8,ğŸ‘€ PV. Narasimha Rao Garu Ala Annapudu!!! |#telugushort #shorts  | Raw Talks with VK,2023-10-04T13:03:56Z,1561291,53551,299
nFz9joMjPUU,Ma Mama Cheppina LogicğŸ™ŒğŸ»ğŸ’¯|â˜ğŸ»Click the â–¶ï¸ Button For Full Podcast! |#telugushort #shorts,2023-10-01T13:30:21Z,6622040,283000,394
NVJ1uaV2ljA,â˜ğŸ»Click the â–¶ï¸ Button For Full Podcast! | Raw Talks with VK |#telugushort #shorts,2023-10-01T03:30:10Z,199908,12058,29
vC-uPZmLou8,Telugu Industry Ki Respect Ochesindi â¤ï¸ |â˜ğŸ»Click the â–¶ï¸ Button For Full Podcast! |#shorts,2023-09-30T13:30:32Z,118873,8117,12
N8mM8CiXdmk,Tech Support Replaced With AI ğŸ˜± | #shorts #telugushort,2023-09-26T11:27:55Z,165851,9425,50
SmaPcJTHtco,OMG!!ğŸ˜±,2023-09-23T05:19:58Z,153917,8165,79
Qed3LTZKqKM,Raw Talks @avinashmada Telugu Technology Podcast -28,2023-09-22T13:40:36Z,262026,5864,483
IJYapscHnpg,Teaser - Raw Talks 28 | Avinash ~ Freedom with AI,2023-09-22T04:31:56Z,160535,9281,126
0n0cpeTx0vI,Prathi Comapny  Venaka Oka Story Undi!! | Raw Talks with VK  |#telugushort #shorts #hyderabad,2023-09-20T13:15:40Z,108332,5814,37
IEz6RJdVv8c,Aa Risk Theesukondi! | #telugushort #shorts #businesspodcast,2023-09-18T11:30:06Z,106534,7275,31
7cIvHlspAxY,Ivi em telidu sir maakuğŸ˜…ğŸ˜… | #telugushort #shorts  | Raw Talks with VK,2023-09-16T12:53:23Z,461508,23391,129
IgoM3IJdyI0,Should Government Run Businesses? - 2 | #telugushort #shorts  | Raw Talks with VK,2023-09-14T11:35:42Z,245143,17649,181
BZK7yt5Gn-0,Should Government Run Businesses? - 1 | #telugushort #shorts  | Raw Talks with VK,2023-09-13T11:36:02Z,298880,18341,241
r5ze9dvtvpA,Blind ga VOTE vestunnaruuu!!!ğŸ¤ | Telugu Podcast | Raw Talks with VK | #telugushort #shorts,2023-09-11T05:07:00Z,183045,11739,56
3qXTY_W1U84,2 students ki 4 teachers ahhhğŸ¤ğŸ¤”ğŸ˜± | Telugu Podcast | Raw Talks with VK | #telugushort #shorts,2023-09-10T04:35:00Z,168907,10983,39
oRzdMBAI4Mc,ğŸ™ƒAlmost 1Lakh People were put in Jail...| Telugu Podcast | Raw Talks with VK | #telugushort #shorts,2023-09-09T12:31:12Z,236504,14419,128
THr9mBcxqJk,Raw Talks with @JPLoksattaOfficial,2023-09-08T14:19:22Z,902951,46296,280
C5qneP3jUJQ,Raw Talks with Dr. Jayaprakash Narayan @JPLoksattaOfficial | Indian Politics Telugu Podcast - 27,2023-09-08T13:30:36Z,1120248,21578,1567
DH5aC1VsboQ,Raw Talks Teaser with Jaya Prakash Narayan Garu,2023-09-08T03:31:59Z,263309,15526,206
a_WGCTyE3SE,Raw Talks - Next Guest | #telugupodcast #podcasts #telugushort,2023-09-07T11:44:50Z,1707751,87010,691
2pfi5lsdA0I,We are Hiring ğŸ’¯ | Vamshi Kurapati | #telugushort #shorts,2023-08-29T12:32:32Z,121975,6395,116
SC24Hjkbe2s,âŒ Don't OverPromise | #shorts #telugushort,2023-08-28T13:27:33Z,140605,9058,36
tmUlQZM36T4,What do you guys feel?? | Raw Talks,2023-08-27T14:16:49Z,148941,9925,119
Ur5XXTrfyzE,Entha mandi chesaru ila??ğŸ˜‚ğŸ˜‚,2023-08-26T16:20:08Z,151533,9773,69
2SFrwJVHtlk,Must watch | Podcast is out now!!!,2023-08-25T17:16:01Z,179392,10336,155
MZqz8TTbZlI,Raw Talks with @SCALER Vice President Srikanth Varma | ML & AI | Telugu Podcast -26,2023-08-25T14:57:52Z,632771,14139,1053
yqVbg4LW46E,Punch Yesesadu | Raw Talks Teaser - 26 #shorts #podcast,2023-08-24T15:04:14Z,1467945,55379,195
1k_KOa7LU5k,Dhairyam Ela Vachindi Start Cheyadaniki?? | #telugushort #shorts,2023-08-22T14:38:42Z,121139,6929,20
_9kil43TQ2M,Edhi Settle Avadam!!! | #telugushorts #shorts #businesspodcast,2023-08-22T11:30:14Z,233585,11717,61
5tVO3C6OLDE,Pivot Ante Enti? | #telugushort #contentcreation #shorts,2023-08-21T03:30:01Z,175028,6632,22
8QP4NQ0FdTY,Quality Assurance and Safety are the key notes | #telugushort #contentcreation #shorts,2023-08-20T03:39:26Z,726516,32539,128
fxprqNGT7yo,Telugu Guys Built â‚¹6000/- Crores Giant Rapido | #telugushort #short #rawtalks,2023-08-18T14:30:13Z,418643,19551,124
H9jVY0AmSlA,Raw Talks with @Rapido_App  Co-founder Arvind Sanka | Telugu Business Podcast -25,2023-08-18T13:37:11Z,718674,12869,815
buQAMz8xQPo,Guess the Guest |#telugu #telugushort #shorts,2023-08-16T13:25:53Z,345681,14235,564
f80qUAfMzXw,Police Meedha Em Nammakam Untadi... | #rawtalks #telugushort #short,2023-08-15T11:30:17Z,312512,14343,310
E9cUrf0yfW8,Ippatike 500 Shavalu Atlane Unnayi Everest Lo! | #rawtalks #telugushort #short,2023-08-14T14:29:41Z,219544,13961,140
P-AlrDz9JdI,Nagarjuna Finance MD Arrest - Scenario Explained | #telugushort #short,2023-08-13T13:58:42Z,388253,14834,154
vUX9n0CjfFs,Ugly Truth of Casteism | Teaser| #rawtalks #telugushort #short | Episode - 24,2023-08-11T14:00:45Z,147365,5957,138
PbE6wClb5w4,RawTalks with Dr. RS Praveen Kumar| Political Truths about India | Telugu Podcast -24,2023-08-11T12:44:29Z,356742,10103,1359
p3GpIlvrkIA,T-Hub nijangane startups ki help chestunda? #shorts #businesspodcast,2023-07-28T13:00:42Z,1083742,53057,202
iOa8LV_EK3M,Asalu T-HUB lo Em Jargutundi? RawTalks with T-HUB CEO MSR | Startups | Telugu Business Podcast -23,2023-07-28T11:49:01Z,212788,4819,250
l1zqFsOj4iY,Is Cr*ypto Bulls**t? | #shorts #telugushort #businesspodcast,2023-07-26T03:30:16Z,118561,7064,24
TI7TpsQ-HSY,Bill Gates Ni CBN Ela Convince Chesadu? | #shorts #telugushort #cbn,2023-07-19T11:30:09Z,142486,8190,131
wYGY_r9Hb40,Nannu Guddiga nammeyachu! Next level undi podcastğŸ™ŒğŸ»ğŸ™ŒğŸ» | #telugushort,2023-07-14T14:00:45Z,232588,10109,56
fCa8KLehuuo,Raw Talks| Mystery of Hyderabad| Hitech City History | Untold Story JA Chowdary |Telugu Podcast - 22,2023-07-14T12:30:20Z,752181,11371,1634
wSGG20R-d5k,Appatlo Tanikella Bharani Ante...| #telugushort #shorts,2023-07-12T13:18:08Z,844266,41127,71
hetFfmV2980,KCR Kit lo em em untayi? | #shorts #kcr #telugupodcast,2023-07-10T11:30:13Z,978818,35164,23
XwpC_1o4aWY,Telangana Nundi Entrepreneur Ante Valaki Respect Untadi | #shorts #telugushort,2023-07-09T03:30:25Z,173400,6067,83
GSuIC0wgiZc,Raw Talks with Deepthi Ravula CEO @WEHubHyderabad | Startup Schemes | Telugu Business Podcast - 21,2023-07-07T12:30:08Z,216230,2814,290
HC3WCr5FfUg,Is India not ready for this? | #telugushort,2023-07-06T05:30:55Z,755240,48782,166
mOl9OdJaQTc,Mana generation ki Suryakantham gari gurinchi telsa?? | #telugu #telugushort,2023-07-05T14:45:32Z,3201827,145418,481
SGLeZyE8ryI,Health Checkup in my office! @tricorderdiagnostics  | #telugushort |,2023-07-04T12:56:43Z,429607,23432,78
vjeoneWPE8U,BTech lo join ayyevallaki advise! | #telugushort | Raw Talks with VK,2023-07-02T10:14:47Z,536445,26688,255
crvB_etcz2o,Elon Musk ki Mark Zukerberg Cage Fight lolli endi?? | #telugushort | Raw Talks with VK,2023-07-01T13:37:50Z,475704,24135,39
W_Gar--coXQ,"Future of AR&VR |Metaverse Explained in Telugu| Growth,Money,Entrepreneur | Technology Podcast - 20",2023-06-30T12:30:15Z,171346,6030,387
Ljp9czbkr3U,Dabbu thoni talent nee konukovacha? #telugushorts #shorts #tanikellabharani,2023-06-25T03:30:06Z,2665155,87761,305
cWY_1eQTuZg,Raw Talks @TanikellaBharani Reveals Surprising Movie Secrets & Life Lessons on Telugu VK Podcast19,2023-06-23T12:30:17Z,1154065,15814,519
AFbmZAVbd1I,Paisal Lekunda Paisal AdagadduğŸ˜… | #telugushorts | Raw Talks with VK,2023-06-09T13:00:12Z,141345,6213,15
3r-RvJyr7pg,Meeku Deni Midha Control Ledhu! | #telugushorts| Raw Talks with VK,2023-06-07T13:02:09Z,174345,10021,40
VNxg1zhu66E,How our Indian Education System should change?  |Telugu Business Podcast | Raw Talks with VK,2023-06-05T15:00:35Z,133348,7030,18
x55pGZvR9-4,Raw Talks with Dr. BVR Mohan Reddy| Telugu Business Podcast @Cyient| Valuation| Education |VK18,2023-06-02T12:30:05Z,499030,12608,547
V03mggUiVdY,Guess the Guest ? | Telugu Business Podcast | Raw Talks with VK,2023-06-01T09:22:30Z,1371520,54466,554
Nml5YJS6eSk,Naku First Nunchi Kuda Motivation Ante Mandutadi | Telugu Business Podcast | Raw Talks with VK,2023-05-25T13:49:35Z,171333,6709,46
BjUvYVjvOmo,Passion Vs Investments | #shorts #telugushort #contentcreation,2023-05-23T12:15:01Z,348443,14838,21
lheH9-E7Tg0,Ela Start Aindi Acting Career? | #telugushorts #shorts #contentcreation,2023-05-21T12:15:02Z,297775,17005,39
iqpun1ir_pM,Do Supplements Harm You?  #shorts #telugushorts #contentcreation,2023-05-20T12:15:04Z,1068423,46029,131
PeTDw_H_hjg,@crisnachaitanyareddyofficial on Raw Talks | Motivation|Feminism|Storytelling| Telugu Podcast 17,2023-05-12T12:30:13Z,446375,9720,390
qN2N2KPo5zw,Is Healthy FOOD Really Expensive? | #shorts #telugushort #businesspodcast,2023-05-11T12:15:04Z,308152,16263,49
JO0gKcp_AJM,Eh Government kuda inni jobs generate  cheyaledha?  #Telugushorts #shorts,2023-05-08T13:15:02Z,106851,6538,48
qT_zzdsHKMk,Franchise Business Cheydaniki Em Kavali ? | #Telugushorts #shorts | Raw Talks with Vamshi Kurapati,2023-05-07T12:00:40Z,373335,13788,26
agChc1cVLFw,Science Behind Social Media Addiction | Vivek Kandula | Raw Talks with VK | Telugu Podcast -16,2023-04-28T12:30:44Z,284702,4229,230
i9uBI34wrOs,Raw Talks with @MoneyPurse on Stock Market Investing|Crypto|Finance|Mutual Funds|Telugu Podcast 15,2023-04-21T13:44:54Z,491389,11521,710
IdXUuNHiptY,Manufacturing Business in Telugu | Imports & Exports | Raw Talks with VK | Telugu Podcast - 14,2023-04-14T12:30:07Z,342251,5041,210
QlfwnYA2pWk,Fail Ainoniki Eroju Market Lo Value Chala Ekuva! | Raw Talks with VK | Shorts,2023-04-12T12:15:03Z,246905,13844,42
Y9hnbfVG9XQ,Etla Kottaalo Telusu Aayanaki! | Kiran Abbavaram | Raw Talks with VK | Shorts,2023-04-11T12:04:31Z,506597,38881,71
8_3uaxOl9Ug,Kiran Abbavaram on How Telugu Film Industry Works | Telugu Podcast - 13 |Meter |Raw Talks with VK,2023-04-06T12:30:05Z,874169,13621,439
ETUmZ36QBko,Middle class ki problem endhi ante! | Telugu Shorts,2023-04-06T12:15:01Z,804335,38139,157
mknvRK8U1WM,Life lo Kasi Undali! | #telugushorts,2023-04-05T04:45:03Z,101868,5627,56
nxgIu6mW1r0,"Dark Side of Influencers,Fame, Mentorships,Telangana Startups & more|RawTalks Telugu Podcast EP - 12",2023-03-31T11:04:37Z,97954,2039,128
wgdipXDloTM,Why Women don't feel safe? | Raw Talks with Vamshi Kurapati | Shorts,2023-03-27T13:39:05Z,632324,19358,178
9ZyzQtIBglk,What is Feminism? Situationship | Friends with Benefits | Teaser | Raw Talks with VK | Shorts,2023-03-24T13:00:04Z,1374475,54077,565
gYf1t2UM9AA,Abhignya @kiraakstyle | Content Creation| Dating Life| Raw Talks with VK | Telugu Podcast - 11,2023-03-24T12:30:19Z,1347575,20063,942
RpDOxv-43_U,Raw Talks with Founder of  Makers Of Milkshakes| Start a Franchise Business |Telugu Podcast - 10,2023-03-17T12:30:17Z,150998,2898,171
QtuQYjgBlQQ,Ee  Sodhi Antha Andariki Telusu | telugu shorts |,2023-03-16T04:00:12Z,638028,27476,553
6NZW6HnG2fs,TEASER | Raw Talks with iMumz Founder | Shark Tank India | Podcast in Telugu | | Shorts,2023-03-07T13:32:09Z,166794,9869,22
j7F1BjZQVag,Pregnancy Guide @iMumz|  | Post-Partum Depression |Parenting|Shark Tank  Experience|Telugu Podcast-9,2023-03-07T12:30:19Z,46433,1074,42
FPUk9hApwtg,Actor Prince Cecil on Raw Talks with VK | Business| Food |Fitness @ThePrinceWay | Telugu Podcast - 8,2023-03-03T12:38:50Z,130420,2540,111
lV98jWyV6Gs,Fashion industry & D2C Business with @TheFashionVerge | Raw Talks with VK | Telugu Podcast - 7,2023-01-27T13:24:58Z,134918,3762,180
tcRVOo5a1CY,Future of Digital Marketing & Networking @SWARUP RAO | RAW TALKS With VK | Telugu Podcast - 6,2023-01-21T14:29:28Z,37092,1117,87
-vg4ggngtlE,Most Fun Talks With Nikhil Gunda & Sai Meher | Raw Talks With VK| Telugu Podcast - 5,2023-01-12T12:29:48Z,257527,5627,288
BCrL-hJW8S8,Telugu Podcast with @vaibhavsisinty - Growth School |  RAW TALKS With VK | Telugu Podcast - 4,2023-01-07T13:12:23Z,83249,1840,77
o2xsd9TOn84,Telugu Podcast with Nikhil Gunda | EV Industry Future in India | RAW TALKS With VK  - 3,2022-12-24T12:05:00Z,184354,4749,285
GG8GeMBzxdU,Ee video evarni udeyshinchi kadu,2022-12-23T15:14:16Z,1093136,65545,1066
eQQ2XxBlNq0,Why choose Startup over MNCs,2022-12-17T03:15:01Z,373268,19225,263
_BQ8BbncAEM,Mana India Lo Food Business Intha Periginda???,2022-12-09T03:30:08Z,764668,34813,304
tZD41O0STzY,Mi LinkedIn Profile score entha | Series No. 3,2022-12-06T12:00:32Z,271920,21688,31
wtz6EfD5Rvs,Telugu Podcast on Business & Entrepreneurship Advices @StudentTribe  |  RAW TALKS With VK  - 2,2022-12-01T12:24:11Z,118925,3790,140
UGFwaJd8Ty8,Open Mic for Startups | Vamshi Kurapati,2022-11-28T12:57:25Z,28536,2617,20
QCaVL6X-bdk,Mana Indians ki Thelvi Chaala Ekuva!,2022-11-27T03:00:19Z,584106,38624,259
A6ajPXeCjJs,Why Mukesh Ambani is so rich ?,2022-11-24T12:36:35Z,1551859,73521,407
uiE6_mGPpoQ,How do I find the right business idea? #business,2022-11-10T05:22:52Z,648742,41270,177
6TlDHH5x2fo,F.I.R File Aithe Ala Untadi,2022-11-09T12:30:48Z,2521729,93689,260
S4IsJNcWCy4,"Telugu Podcast @TheFashionVerge  - Part 2, Competition, Telugu Community& more| RawTalks With VK - 1",2022-11-05T12:44:36Z,107901,4793,116
413gWcjEUPM,First Podcast With Ganesh Bugatha | Vamshi Kurapati,2022-11-05T03:00:04Z,33816,2222,8
v48m6VBce50,Business Idea that never Fails | Vamshi Kurapati,2022-10-30T03:31:00Z,2543865,129534,693
WiCWgP5vrKA,How to run a Business Successfully | Vamshi Kurapati,2022-10-25T11:30:08Z,682962,44786,320
_d43QBYSyS8,Prostitution as a profession? | Vamshi Kurapati,2022-10-23T13:17:38Z,835222,48248,633
O-kXpVE94h8,Telangana CM and Politics,2022-09-21T13:30:10Z,2490863,154726,1709
--LmANDC9y4,Business & Marketing Strategy of Paytm,2022-09-10T13:30:00Z,1224279,77776,211
U8ZRLIzenro,Power of Air India Airlines | Vamshi Kurapati,2022-08-27T13:37:18Z,449268,31271,189
xlx8UBjG0OU,Swiggy Vs Zomato - Duopoly Marketing Strategy| Vamshi Kurapati,2022-08-24T11:26:27Z,297566,15454,150
mRLb2Kj1sCw,Modi Hyderabad Visit | TRS Party Trolls on BJP & PM Narendra Modi | PoliticalWar #shorts #politics,2022-07-04T10:35:44Z,2393005,89842,1228
FYetk0EYGKs,Why did Tata Nano car fail in India?,2022-06-29T05:34:22Z,521508,40048,228
TZ9SoMM3zgI,"Rs. 50,000/- Cash Price now Announced | MEDP | By Vamshi Kurapati & Ganesh Bugatha",2022-04-18T04:17:13Z,26728,854,16
GZHjJgU9Ne8,Results are out Now | Startup Festival | 1 Lac Prize money | WEDP 3 | Vamshi Kurapati | Women Power,2022-04-10T13:00:13Z,28461,986,40
